"","locus","chi2","df","Pr.chi2","Pr.exact","pop"
"1","AGBro110",6.77201209829868,3,0.0795306839036448,0.093,"Simliduinen"
"2","AGBro111",36.8655045351474,10,5.97065808497499e-05,0,"Simliduinen"
"3","AGBro116",1.14291666666667,3,0.766725214768615,0.799,"Simliduinen"
"4","AGBro12",39.3839455782313,10,2.17436556658734e-05,0.008,"Simliduinen"
"5","AGBro138",1.41061224489796,1,0.234954783703343,0.32,"Simliduinen"
"6","AGBro144",11.3399943310658,21,0.955749812363943,0.832,"Simliduinen"
"7","AGBro153",2.91595641735919,6,0.819318898636846,0.683,"Simliduinen"
"8","AGBro16",0.0104123281965848,1,0.918724277407713,1,"Simliduinen"
"9","AGBro161",8.02469135802469,6,0.236299930988026,0.133,"Simliduinen"
"10","AGBro20",0.0475206611570248,1,0.827435078175869,1,"Simliduinen"
"11","AGBro218",0.268144620821455,1,0.604579100394568,1,"Simliduinen"
"12","AGBro227",24.7473958333333,15,0.0534404189565569,0.079,"Simliduinen"
"13","AGBro234",3.03308695563154,3,0.386551897806391,0.341,"Simliduinen"
"14","AGBro266",1.9888231426693,1,0.158463984539009,0.298,"Simliduinen"
"15","AGBro299",4.00838290968091,6,0.675541914386251,0.445,"Simliduinen"
"16","AGBro307",1.97215226305253e-31,1,1,1,"Simliduinen"
"17","AGBro32",1.22621878715814,3,0.746723074974008,0.811,"Simliduinen"
"18","AGBro337",1.81057098765432,1,0.178439749725281,0.373,"Simliduinen"
"19","AGBro35",9.64761248852158,1,0.00189597851944379,0.027,"Simliduinen"
"20","AGBro375",0.180555555555556,1,0.670896238995094,1,"Simliduinen"
"21","AGBro403",6.53838267333077,15,0.969218106142698,0.863,"Simliduinen"
"22","AGBro419",23.1593679138322,6,0.000744821782821314,0.007,"Simliduinen"
"23","AGBro467",27.5734011443102,21,0.152669938959891,0.043,"Simliduinen"
"24","AGBro480",3.2344,6,0.778904136568947,0.625,"Simliduinen"
"25","AGBro487",5.24861723727508,10,0.873963323143169,0.677,"Simliduinen"
"26","AGBro57",10.0974585171183,1,0.0014847394651214,0.015,"Simliduinen"
"27","AGBro76",5.8604,10,0.826852235426875,0.593,"Simliduinen"
"28","AGBro9",47.5751109807054,28,0.0119015568666103,0.187,"Simliduinen"
"29","AGBro110",5.12471655328798,3,0.162889286189885,0.225,"Cabour"
"30","AGBro111",7.37015121630506,6,0.287967471382592,0.286,"Cabour"
"31","AGBro116",7.36111111111111,6,0.288738458238926,0.153,"Cabour"
"32","AGBro12",1.60550964187328,6,0.952180483305846,1,"Cabour"
"33","AGBro138",2.7437641723356,1,0.0976345361407192,0.143,"Cabour"
"34","AGBro144",10.9333333333333,15,0.75730578264058,0.63,"Cabour"
"35","AGBro153",1.11111111111111,3,0.774392516971433,1,"Cabour"
"36","AGBro16",0,0,1,1,"Cabour"
"37","AGBro161",0.625,1,0.429195300440349,1,"Cabour"
"38","AGBro20",0,0,1,1,"Cabour"
"39","AGBro218",3.64152892561983,3,0.302864843204974,0.172,"Cabour"
"40","AGBro227",5.48429752066116,15,0.987171181678189,0.928,"Cabour"
"41","AGBro234",1.5625,3,0.667922260806265,0.543,"Cabour"
"42","AGBro266",3.53057199211045,3,0.316818628825731,0.274,"Cabour"
"43","AGBro299",5.32544378698225,6,0.502799970670564,0.475,"Cabour"
"44","AGBro307",0.4,1,0.527089256865538,1,"Cabour"
"45","AGBro32",1.7151311090705,1,0.1903209864388,0.519,"Cabour"
"46","AGBro337",0.4,1,0.527089256865538,0.563,"Cabour"
"47","AGBro35",0.0277008310249308,1,0.867814107693651,1,"Cabour"
"48","AGBro375",0.0978142736384495,1,0.754468526649911,1,"Cabour"
"49","AGBro403",8.64489795918367,10,0.566102549472983,0.698,"Cabour"
"50","AGBro419",2.6466049382716,6,0.851712945140634,0.757,"Cabour"
"51","AGBro467",21.8877551020408,21,0.406002747020551,0.425,"Cabour"
"52","AGBro480",2.975,6,0.811977997759934,0.834,"Cabour"
"53","AGBro487",5.91111111111111,6,0.433220876930602,0.446,"Cabour"
"54","AGBro57",10,1,0.0015654022580025,0.007,"Cabour"
"55","AGBro76",1.25,6,0.974343069100974,0.889,"Cabour"
"56","AGBro9",15.2777777777778,21,0.808760064787487,0.876,"Cabour"
"57","AGBro110",7.77508517456569,3,0.050896069679205,0.03,"Tropiflora"
"58","AGBro111",44.0982084155161,15,0.000106137924888228,0,"Tropiflora"
"59","AGBro116",0.77859410430839,3,0.854579888983668,0.904,"Tropiflora"
"60","AGBro12",5.41347633136095,6,0.491975326751942,0.436,"Tropiflora"
"61","AGBro138",0.543544501133787,1,0.460967471136303,0.601,"Tropiflora"
"62","AGBro144",20.5319387755102,21,0.487827319541435,0.294,"Tropiflora"
"63","AGBro153",0.80716049382716,6,0.991880299039713,1,"Tropiflora"
"64","AGBro16",0,0,1,1,"Tropiflora"
"65","AGBro161",6.09355804388548,6,0.412791745353779,0.243,"Tropiflora"
"66","AGBro20",0,0,1,1,"Tropiflora"
"67","AGBro218",1.64980074870185,3,0.648151281313354,0.504,"Tropiflora"
"68","AGBro227",1.97353497164461,21,0.999999970225379,1,"Tropiflora"
"69","AGBro234",4.06371231960458,3,0.254666027876379,0.299,"Tropiflora"
"70","AGBro266",0.20994477082886,1,0.64681069549982,0.61,"Tropiflora"
"71","AGBro299",3.6656,6,0.721822705533854,0.404,"Tropiflora"
"72","AGBro307",3.38059171597633,1,0.0659683672942127,0.065,"Tropiflora"
"73","AGBro32",1.12345679012346,3,0.771414750725286,0.866,"Tropiflora"
"74","AGBro337",4.31572557636975,6,0.634032845205276,0.482,"Tropiflora"
"75","AGBro35",10.7301587301587,1,0.00105403404578475,0.001,"Tropiflora"
"76","AGBro375",0.860694898869721,3,0.834901148736865,0.732,"Tropiflora"
"77","AGBro403",10.884046354268,15,0.760769978050513,0.457,"Tropiflora"
"78","AGBro419",18.8000520833333,6,0.00451498432329578,0.002,"Tropiflora"
"79","AGBro467",16.8060759529869,21,0.722792500638036,0.839,"Tropiflora"
"80","AGBro480",6.61111111111111,6,0.358311971573589,0.503,"Tropiflora"
"81","AGBro487",6.96158736368527,6,0.324414204292514,0.165,"Tropiflora"
"82","AGBro57",4.86111111111111,1,0.0274686403856814,0.061,"Tropiflora"
"83","AGBro76",13.2964899458406,10,0.207563916503675,0.101,"Tropiflora"
"84","AGBro9",36.3203571428571,36,0.453725220395,0.265,"Tropiflora"
"85","AGBro110",7.16967975206612,3,0.0666817127905649,0.05,"Westhoek vissersdorp"
"86","AGBro111",16.1037087427564,15,0.375192793883781,0.155,"Westhoek vissersdorp"
"87","AGBro116",1.595,3,0.660524066905451,0.542,"Westhoek vissersdorp"
"88","AGBro12",25.0573152965661,6,0.00033321070999448,0.042,"Westhoek vissersdorp"
"89","AGBro138",1.25222222222222,1,0.263128468955199,0.258,"Westhoek vissersdorp"
"90","AGBro144",6.84884195490256,15,0.961709229252519,0.887,"Westhoek vissersdorp"
"91","AGBro153",19.4868998628258,6,0.00341568224560285,0.034,"Westhoek vissersdorp"
"92","AGBro16",0.0498866213151927,3,0.997080526285327,1,"Westhoek vissersdorp"
"93","AGBro161",0.0953366853987973,3,0.9923911065521,1,"Westhoek vissersdorp"
"94","AGBro20",0,0,1,1,"Westhoek vissersdorp"
"95","AGBro218",0.583333333333333,1,0.445008718746736,0.673,"Westhoek vissersdorp"
"96","AGBro227",2.5530303030303,6,0.862486159673933,0.601,"Westhoek vissersdorp"
"97","AGBro234",4.45023413704732,3,0.216772475874931,0.128,"Westhoek vissersdorp"
"98","AGBro266",0.195117728531856,1,0.658690876630999,0.51,"Westhoek vissersdorp"
"99","AGBro299",22.364898989899,6,0.00103963189237977,0.067,"Westhoek vissersdorp"
"100","AGBro307",0.713784190424752,1,0.398190407570257,0.42,"Westhoek vissersdorp"
"101","AGBro32",1.08695652173913,1,0.29714653034847,0.396,"Westhoek vissersdorp"
"102","AGBro337",1.67472915091963,1,0.195626299167368,0.211,"Westhoek vissersdorp"
"103","AGBro35",0.615867768595041,1,0.432587006810629,0.539,"Westhoek vissersdorp"
"104","AGBro375",1.17914672216441,3,0.758010010372388,0.683,"Westhoek vissersdorp"
"105","AGBro403",25.7839002267574,21,0.214809029555451,0.162,"Westhoek vissersdorp"
"106","AGBro419",15.8953431825177,6,0.0143268633289201,0.033,"Westhoek vissersdorp"
"107","AGBro467",17.3268042903436,21,0.691115581635602,0.686,"Westhoek vissersdorp"
"108","AGBro480",4.47505752794214,6,0.612668762463414,0.347,"Westhoek vissersdorp"
"109","AGBro487",7.60942222222222,6,0.268136602095104,0.078,"Westhoek vissersdorp"
"110","AGBro57",16.2832149155959,1,5.45449851517832e-05,0.001,"Westhoek vissersdorp"
"111","AGBro76",5.91756232686981,6,0.432487965064271,0.303,"Westhoek vissersdorp"
"112","AGBro9",43.0938224701645,28,0.0340852653386132,0.002,"Westhoek vissersdorp"
"113","AGBro110",6.34852001885395,6,0.385301634113476,0.532,"Geel-Bel"
"114","AGBro111",2.5426617226051,6,0.863662918590033,0.698,"Geel-Bel"
"115","AGBro116",0.663793839976078,3,0.881685116578594,0.719,"Geel-Bel"
"116","AGBro12",47.0180425466789,28,0.013639058802992,0,"Geel-Bel"
"117","AGBro138",0.0344444444444445,3,0.998317270561979,1,"Geel-Bel"
"118","AGBro144",1.42172640254086,6,0.964523446787094,0.9,"Geel-Bel"
"119","AGBro153",0.680384087791495,3,0.877807821623154,1,"Geel-Bel"
"120","AGBro16",5.49690098261527,6,0.481831342264053,0.414,"Geel-Bel"
"121","AGBro161",2.59433009528953,3,0.458484421581505,0.417,"Geel-Bel"
"122","AGBro20",0.147443519619501,1,0.700990492241684,1,"Geel-Bel"
"123","AGBro218",8.112,1,0.00439731842964064,0.016,"Geel-Bel"
"124","AGBro227",2.00680272108844,6,0.919071894805255,0.818,"Geel-Bel"
"125","AGBro234",5.88561440771716,3,0.117309906980343,0.139,"Geel-Bel"
"126","AGBro266",0.732872960148142,3,0.865445994444452,0.803,"Geel-Bel"
"127","AGBro299",1.97792653061225,3,0.577000753127424,0.364,"Geel-Bel"
"128","AGBro307",8.40296908478727,6,0.210041716309875,0.014,"Geel-Bel"
"129","AGBro32",5.51743764172336,3,0.137599365412047,0.084,"Geel-Bel"
"130","AGBro337",0.186016628873772,3,0.979814485718083,1,"Geel-Bel"
"131","AGBro35",12.3411281179138,1,0.000443087180105217,0.002,"Geel-Bel"
"132","AGBro375",0.0890443846383871,1,0.765395555872412,1,"Geel-Bel"
"133","AGBro403",26.6187603930461,21,0.183831209987035,0.125,"Geel-Bel"
"134","AGBro419",1.24716553287982,3,0.741715694207728,0.597,"Geel-Bel"
"135","AGBro467",11.6941027514,15,0.702019939115474,0.71,"Geel-Bel"
"136","AGBro480",5.78231292517007,3,0.122695080140099,0.112,"Geel-Bel"
"137","AGBro487",2.18108419838524,6,0.902313582286888,0.663,"Geel-Bel"
"138","AGBro57",16.0635550516503,1,6.12515810228809e-05,0,"Geel-Bel"
"139","AGBro76",2.28694442874103,3,0.515026620838001,0.394,"Geel-Bel"
"140","AGBro9",13.0120794108889,15,0.601364888559881,0.547,"Geel-Bel"
"141","AGBro110",3.28928564116214,3,0.349136670130004,0.237,"Karthuizerduinen"
"142","AGBro111",13.4497041420118,10,0.199603380935454,0.18,"Karthuizerduinen"
"143","AGBro116",9.17301611351119,6,0.164079029999473,0.156,"Karthuizerduinen"
"144","AGBro12",6.25873961218837,10,0.793076759704107,0.622,"Karthuizerduinen"
"145","AGBro138",0.72,1,0.396143909152074,0.387,"Karthuizerduinen"
"146","AGBro144",14.06,21,0.86700825107808,0.681,"Karthuizerduinen"
"147","AGBro153",8,6,0.238103305553544,0.112,"Karthuizerduinen"
"148","AGBro16",0.148760330578512,1,0.699722856696672,1,"Karthuizerduinen"
"149","AGBro161",8.81910034602076,6,0.184010251592659,0.203,"Karthuizerduinen"
"150","AGBro20",0.0166493236212279,1,0.897332123936804,1,"Karthuizerduinen"
"151","AGBro218",0.208757396449704,1,0.6477430919824,1,"Karthuizerduinen"
"152","AGBro227",1.46938775510204,10,0.999027523159947,1,"Karthuizerduinen"
"153","AGBro234",2.57703191469425,3,0.461530384227927,0.49,"Karthuizerduinen"
"154","AGBro266",0.0229591836734693,1,0.879563262248419,1,"Karthuizerduinen"
"155","AGBro299",2.66272189349112,6,0.849830475080663,1,"Karthuizerduinen"
"156","AGBro307",6.05566404724336,1,0.0138617618341729,0.022,"Karthuizerduinen"
"157","AGBro32",1.44618055555556,1,0.229141804808419,0.33,"Karthuizerduinen"
"158","AGBro337",10.125,1,0.00146271658668118,0.001,"Karthuizerduinen"
"159","AGBro35",0.515450361604208,1,0.472788907323068,0.45,"Karthuizerduinen"
"160","AGBro375",0.18,1,0.671373240540873,0.634,"Karthuizerduinen"
"161","AGBro403",11.7535537190083,10,0.301888829468998,0.119,"Karthuizerduinen"
"162","AGBro419",10.3100920447074,6,0.112186217154536,0.04,"Karthuizerduinen"
"163","AGBro467",12.9820205768258,21,0.90925240395467,0.93,"Karthuizerduinen"
"164","AGBro480",7.17672652075101,6,0.304812549310258,0.189,"Karthuizerduinen"
"165","AGBro487",3.12173553719008,6,0.793420003726973,0.615,"Karthuizerduinen"
"166","AGBro57",5.46466520492494,1,0.0194047713801572,0.023,"Karthuizerduinen"
"167","AGBro76",2.00107109879963,6,0.919600067748187,0.923,"Karthuizerduinen"
"168","AGBro9",34.5408163265306,21,0.0316881001536287,0.043,"Karthuizerduinen"
"169","AGBro110",1.20043537414966,3,0.75289989284253,0.692,"Oostvoordduinen"
"170","AGBro111",23.5091536561856,15,0.0739116374053462,0.284,"Oostvoordduinen"
"171","AGBro116",3.6375,6,0.725595079354973,0.704,"Oostvoordduinen"
"172","AGBro12",18.073224852071,21,0.644365746368809,0.341,"Oostvoordduinen"
"173","AGBro138",3.03719008264463,1,0.0813766658991367,0.146,"Oostvoordduinen"
"174","AGBro144",36.2712452306625,21,0.0203795948224503,0.012,"Oostvoordduinen"
"175","AGBro153",0.345619508957658,3,0.951232234607497,0.84,"Oostvoordduinen"
"176","AGBro16",0.00861821315713876,1,0.926035175955472,1,"Oostvoordduinen"
"177","AGBro161",1.67146479893733,6,0.94730290609895,0.862,"Oostvoordduinen"
"178","AGBro20",0.159122085048011,1,0.68996608098297,1,"Oostvoordduinen"
"179","AGBro218",1.27370088192742,1,0.259073543456612,0.287,"Oostvoordduinen"
"180","AGBro227",13.5897435897436,21,0.886568404854686,0.592,"Oostvoordduinen"
"181","AGBro234",2.61851130281935,3,0.454253514664924,0.313,"Oostvoordduinen"
"182","AGBro266",1.97353497164461,3,0.577917750643485,0.628,"Oostvoordduinen"
"183","AGBro299",6.56685195146734,6,0.362765870286918,0.458,"Oostvoordduinen"
"184","AGBro307",4.78399556545958,1,0.0287253960748527,0.033,"Oostvoordduinen"
"185","AGBro32",0.00306091215182124,1,0.955879138561155,1,"Oostvoordduinen"
"186","AGBro337",1.13070080103047,1,0.287625906134712,0.406,"Oostvoordduinen"
"187","AGBro35",9.74585171182525,1,0.00179727838994082,0.003,"Oostvoordduinen"
"188","AGBro375",0.723797502146361,1,0.394901077663454,0.654,"Oostvoordduinen"
"189","AGBro403",9.13444897959183,15,0.870383176261122,0.669,"Oostvoordduinen"
"190","AGBro419",45.1859504132231,10,2.01300829472117e-06,0.008,"Oostvoordduinen"
"191","AGBro467",29.2016360263114,21,0.109244131348805,0.198,"Oostvoordduinen"
"192","AGBro480",9.6419982698962,6,0.140560516922403,0.082,"Oostvoordduinen"
"193","AGBro487",16.0449942610789,6,0.0135144920876036,0.006,"Oostvoordduinen"
"194","AGBro57",7.95133717424314,1,0.00480518600122559,0.027,"Oostvoordduinen"
"195","AGBro76",4.05468829711254,10,0.944846169184245,0.93,"Oostvoordduinen"
"196","AGBro9",48.3889045057876,36,0.0812929073677899,0.055,"Oostvoordduinen"
"197","AGBro110",8.31024930747923,3,0.0400166197852698,0.023,"Astridlaan"
"198","AGBro111",34.5335455058775,21,0.031745710936656,0.062,"Astridlaan"
"199","AGBro116",3.87881081174052,3,0.274851235614574,0.44,"Astridlaan"
"200","AGBro12",20.8022222222222,15,0.143268295724317,0.03,"Astridlaan"
"201","AGBro138",0.615867768595041,1,0.432587006810629,0.565,"Astridlaan"
"202","AGBro144",21.9437037037037,21,0.402760262121265,0.103,"Astridlaan"
"203","AGBro153",3.92387543252595,3,0.269802404547371,0.089,"Astridlaan"
"204","AGBro16",0.0108646446355817,1,0.91698396542375,1,"Astridlaan"
"205","AGBro161",6.31094798399508,6,0.389273832851237,0.116,"Astridlaan"
"206","AGBro20",0.0118983234180638,1,0.913139485029861,1,"Astridlaan"
"207","AGBro218",2.64412070759625,1,0.10393364909645,0.275,"Astridlaan"
"208","AGBro227",15.3333333333333,15,0.427683781289738,0.188,"Astridlaan"
"209","AGBro234",10.4908424908425,3,0.0148231466489581,0.003,"Astridlaan"
"210","AGBro266",1.16852644294752,3,0.760562439641615,0.74,"Astridlaan"
"211","AGBro299",3.70516822754076,6,0.716502639531935,0.683,"Astridlaan"
"212","AGBro307",0.00428241928190628,1,0.947823520691698,1,"Astridlaan"
"213","AGBro32",0.0418180440775887,1,0.837967006355435,1,"Astridlaan"
"214","AGBro337",0.631438353301491,1,0.426828206874243,0.653,"Astridlaan"
"215","AGBro35",7.40740740740741,1,0.00649558625717905,0.01,"Astridlaan"
"216","AGBro375",3.74380340371443,1,0.0530036658164784,0.057,"Astridlaan"
"217","AGBro403",25.0345822929586,21,0.245669395744607,0.46,"Astridlaan"
"218","AGBro419",16.8066128412149,6,0.0100208741679925,0.011,"Astridlaan"
"219","AGBro467",17.6767346938775,21,0.6693593779073,0.262,"Astridlaan"
"220","AGBro480",5.96722222222222,6,0.426871888373831,0.161,"Astridlaan"
"221","AGBro487",5.00063492063492,6,0.543731684938523,0.468,"Astridlaan"
"222","AGBro57",0.0118983234180638,1,0.913139485029861,1,"Astridlaan"
"223","AGBro76",7.16383882638928,6,0.30596102215329,0.209,"Astridlaan"
"224","AGBro9",21.2570247933884,36,0.975765586085718,0.942,"Astridlaan"
"225","AGBro110",2.87487215909091,3,0.411322466238666,0.458,"Wetteren"
"226","AGBro111",2.80194444444445,10,0.985708293496248,1,"Wetteren"
"227","AGBro116",0.000696847366397534,1,0.978939995683789,1,"Wetteren"
"228","AGBro12",12.2522447687987,3,0.0065671841577537,0.073,"Wetteren"
"229","AGBro138",1.90664036817883,1,0.16733693002043,0.265,"Wetteren"
"230","AGBro144",9.18512110726644,10,0.514629777854555,0.652,"Wetteren"
"231","AGBro153",4.54547819506196,3,0.208269431557126,0.323,"Wetteren"
"232","AGBro16",0,0,1,1,"Wetteren"
"233","AGBro161",2.72273879966188,6,0.842754174904017,0.475,"Wetteren"
"234","AGBro20",0,0,1,1,"Wetteren"
"235","AGBro218",5.1358024691358,3,0.162118861964493,0.172,"Wetteren"
"236","AGBro227",0.541182385473043,3,0.909755015913397,0.851,"Wetteren"
"237","AGBro234",3.70567997947311,3,0.295049391422172,0.421,"Wetteren"
"238","AGBro266",0.269127258746636,1,0.603917816119492,1,"Wetteren"
"239","AGBro299",0.0369897959183674,3,0.998128768729593,1,"Wetteren"
"240","AGBro307",0.165680473372781,1,0.68397959170377,1,"Wetteren"
"241","AGBro32",1.08,1,0.29869755599497,0.623,"Wetteren"
"242","AGBro337",2.72262396694215,3,0.436396269713104,0.398,"Wetteren"
"243","AGBro35",10.1883673469388,1,0.00141329393300282,0.005,"Wetteren"
"244","AGBro375",0.0254104076497898,1,0.873348678903374,1,"Wetteren"
"245","AGBro403",0.159122085048011,3,0.983901803741395,1,"Wetteren"
"246","AGBro419",20.5373715521904,6,0.00222069885488152,0.022,"Wetteren"
"247","AGBro467",7.54271740202067,10,0.673405882824448,0.581,"Wetteren"
"248","AGBro480",13.2733564013841,3,0.0040812471655991,0.065,"Wetteren"
"249","AGBro487",1.58823529411765,3,0.662060320252578,0.485,"Wetteren"
"250","AGBro57",11.7500098888493,1,0.000608429149046019,0.062,"Wetteren"
"251","AGBro76",2.44397928994083,3,0.485500399535926,0.648,"Wetteren"
"252","AGBro9",14.5296788532678,10,0.150172780040223,0.221,"Wetteren"
"253","AGBro110",0.596491228070176,3,0.89723515473319,0.857,"Mt St Frieux"
"254","AGBro111",17.6198830409357,10,0.0617243411508458,0.011,"Mt St Frieux"
"255","AGBro116",3.23,10,0.975481429299444,0.889,"Mt St Frieux"
"256","AGBro12",23.1619834710744,21,0.335402937890696,0.492,"Mt St Frieux"
"257","AGBro138",0.294145129435749,1,0.587576396813677,0.495,"Mt St Frieux"
"258","AGBro144",12.6350877192982,10,0.244795937075203,0.214,"Mt St Frieux"
"259","AGBro153",2.33404444444445,3,0.506030287109941,0.376,"Mt St Frieux"
"260","AGBro16",0.436179981634527,3,0.932671204486543,1,"Mt St Frieux"
"261","AGBro161",2.86809917355372,3,0.412411918960812,0.446,"Mt St Frieux"
"262","AGBro20",0.0138787436084733,1,0.906219727573062,1,"Mt St Frieux"
"263","AGBro218",0.459753086419753,1,0.497739391162827,0.672,"Mt St Frieux"
"264","AGBro227",0.968782518210198,3,0.808805050431357,1,"Mt St Frieux"
"265","AGBro234",2.67282604934427,3,0.444864992255043,0.296,"Mt St Frieux"
"266","AGBro266",4.93652501344809,3,0.176504538910153,0.08,"Mt St Frieux"
"267","AGBro299",1.1875,6,0.977497622969213,1,"Mt St Frieux"
"268","AGBro307",5.80610475199445,3,0.121434297948612,0.213,"Mt St Frieux"
"269","AGBro32",1.76542017201358,3,0.6224886459474,0.662,"Mt St Frieux"
"270","AGBro337",0.058641975308642,1,0.808655372639763,1,"Mt St Frieux"
"271","AGBro35",11.2562350780533,1,0.000793560028131135,0.02,"Mt St Frieux"
"272","AGBro375",0.051985798816568,1,0.819643173831322,1,"Mt St Frieux"
"273","AGBro403",23.1683673469388,28,0.724568698292412,0.501,"Mt St Frieux"
"274","AGBro419",3.11842105263158,3,0.373724900470423,0.4,"Mt St Frieux"
"275","AGBro467",16.8044444444444,28,0.952352344183539,0.981,"Mt St Frieux"
"276","AGBro480",1.56876376759518,3,0.666492979332391,0.585,"Mt St Frieux"
"277","AGBro487",5.11495194156094,6,0.529156593122802,0.421,"Mt St Frieux"
"278","AGBro57",1.96301020408163,1,0.161191748132014,0.168,"Mt St Frieux"
"279","AGBro76",3.36199183673469,6,0.762231248516056,0.613,"Mt St Frieux"
"280","AGBro9",30.6668244575937,28,0.332072126161861,0.601,"Mt St Frieux"
"281","AGBro110",7.65432098765432,3,0.0537230911629796,0.083,"Sangatte"
"282","AGBro111",11.95,15,0.682809676325727,0.299,"Sangatte"
"283","AGBro116",1.40408163265306,6,0.965609652806413,0.757,"Sangatte"
"284","AGBro12",5.06460572394638,10,0.886820685277552,0.628,"Sangatte"
"285","AGBro138",0,0,1,1,"Sangatte"
"286","AGBro144",12.8458049886621,15,0.614206619025326,0.219,"Sangatte"
"287","AGBro153",8.63431952662722,6,0.195212007041198,0.129,"Sangatte"
"288","AGBro16",13.75,6,0.0325569482552025,0.067,"Sangatte"
"289","AGBro161",1.48989104635534,3,0.684605429324024,0.621,"Sangatte"
"290","AGBro20",0.246913580246914,1,0.619256754176862,1,"Sangatte"
"291","AGBro218",1.68888888888889,3,0.63940686897266,0.457,"Sangatte"
"292","AGBro227",8.35555555555556,10,0.59414975279154,0.338,"Sangatte"
"293","AGBro234",1.50793650793651,3,0.680439803591365,0.924,"Sangatte"
"294","AGBro266",0.032,1,0.858027656987521,1,"Sangatte"
"295","AGBro299",22.8449905482042,6,0.000850092557655224,0.046,"Sangatte"
"296","AGBro307",1.10586011342155,3,0.775659620583951,0.811,"Sangatte"
"297","AGBro32",0.314100509546641,1,0.575174781853156,1,"Sangatte"
"298","AGBro337",0.330381973447588,1,0.565434254795025,1,"Sangatte"
"299","AGBro35",4.61797942317423,1,0.031638486879946,0.057,"Sangatte"
"300","AGBro375",4.78844970414201,3,0.187959679827566,0.195,"Sangatte"
"301","AGBro403",13.5533333333333,21,0.888010606686548,0.88,"Sangatte"
"302","AGBro419",0.259397876797778,3,0.967474548777022,0.85,"Sangatte"
"303","AGBro467",15.5742749653006,28,0.971713318848119,0.878,"Sangatte"
"304","AGBro480",3.72028316405048,6,0.714468113095982,0.654,"Sangatte"
"305","AGBro487",2.82775855440215,6,0.830133716636723,0.739,"Sangatte"
"306","AGBro57",20,1,7.74421643101597e-06,0,"Sangatte"
"307","AGBro76",1.86666666666667,6,0.931543574324279,0.71,"Sangatte"
"308","AGBro9",28.7210884353741,36,0.800531550114582,0.707,"Sangatte"
"309","AGBro110",5.5979652215916,6,0.469696239312474,0.247,"HB-Pylyserlaan"
"310","AGBro111",8.601108033241,6,0.197285204548299,0.26,"HB-Pylyserlaan"
"311","AGBro116",5.82514487276392,3,0.120434224032725,0.082,"HB-Pylyserlaan"
"312","AGBro12",9.66481994459834,15,0.840277327469185,0.76,"HB-Pylyserlaan"
"313","AGBro138",0.72,1,0.396143909152074,1,"HB-Pylyserlaan"
"314","AGBro144",11.2454733727811,15,0.735006985750423,0.582,"HB-Pylyserlaan"
"315","AGBro153",2.21,3,0.529981369917325,0.388,"HB-Pylyserlaan"
"316","AGBro16",0.0622837370242214,1,0.802922144581523,1,"HB-Pylyserlaan"
"317","AGBro161",1.546875,3,0.671494617128138,0.748,"HB-Pylyserlaan"
"318","AGBro20",0.0166493236212279,1,0.897332123936804,1,"HB-Pylyserlaan"
"319","AGBro218",0.00628698224852069,1,0.936801568140136,1,"HB-Pylyserlaan"
"320","AGBro227",1.0487514863258,10,0.999785970484828,1,"HB-Pylyserlaan"
"321","AGBro234",1.8140589569161,3,0.611880338580328,0.825,"HB-Pylyserlaan"
"322","AGBro266",6.74793388429752,3,0.0803810366558885,0.02,"HB-Pylyserlaan"
"323","AGBro299",19.438024691358,6,0.0034844129011502,0,"HB-Pylyserlaan"
"324","AGBro307",0.513071344240175,1,0.473812308789889,0.67,"HB-Pylyserlaan"
"325","AGBro32",0.513071344240175,1,0.473812308789889,0.63,"HB-Pylyserlaan"
"326","AGBro337",0.0758981278461799,1,0.782935084421737,1,"HB-Pylyserlaan"
"327","AGBro35",3.60216679264298,1,0.057704314359144,0.107,"HB-Pylyserlaan"
"328","AGBro375",3.12044598757885,3,0.373424996212778,0.126,"HB-Pylyserlaan"
"329","AGBro403",17.1875,28,0.944792758651725,0.823,"HB-Pylyserlaan"
"330","AGBro419",17.8764031832715,3,0.000466434673640048,0.029,"HB-Pylyserlaan"
"331","AGBro467",12.8801020408163,15,0.611558375843325,0.724,"HB-Pylyserlaan"
"332","AGBro480",1.498125,6,0.959619012711149,0.915,"HB-Pylyserlaan"
"333","AGBro487",11.8171227810651,6,0.0661751520800976,0.107,"HB-Pylyserlaan"
"334","AGBro57",0.076530612244898,1,0.782055266721573,1,"HB-Pylyserlaan"
"335","AGBro76",4.27040816326531,6,0.640134516655452,0.666,"HB-Pylyserlaan"
"336","AGBro9",23.5972222222222,36,0.944431092245677,0.829,"HB-Pylyserlaan"
"337","AGBro110",1.55125,3,0.670493354781959,0.656,"HB-Doornpanne"
"338","AGBro111",21.1367630385488,15,0.132516313345984,0.099,"HB-Doornpanne"
"339","AGBro116",7.37485827664399,6,0.287566659262055,0.453,"HB-Doornpanne"
"340","AGBro12",10.71,15,0.772868009736152,0.464,"HB-Doornpanne"
"341","AGBro138",9.96228299643282,1,0.00159779798447812,0.01,"HB-Doornpanne"
"342","AGBro144",15.718820861678,21,0.785235550751363,0.563,"HB-Doornpanne"
"343","AGBro153",15.940810777124,6,0.0140752105980488,0.001,"HB-Doornpanne"
"344","AGBro16",0,0,1,1,"HB-Doornpanne"
"345","AGBro161",2.64762711476386,6,0.851593783104538,0.541,"HB-Doornpanne"
"346","AGBro20",6.84206266620418,1,0.00890359741820757,0.102,"HB-Doornpanne"
"347","AGBro218",16.7865522818943,3,0.000781889312688744,0.043,"HB-Doornpanne"
"348","AGBro227",21.6644628099174,10,0.0169082431337485,0.089,"HB-Doornpanne"
"349","AGBro234",4.21333333333333,3,0.239330351490782,0.191,"HB-Doornpanne"
"350","AGBro266",1.14266117969822,1,0.285090708362336,1,"HB-Doornpanne"
"351","AGBro299",16.5088888888889,6,0.0112681480298031,0.182,"HB-Doornpanne"
"352","AGBro307",0.462333025546322,1,0.496535644377616,0.595,"HB-Doornpanne"
"353","AGBro32",0.107913836962356,1,0.742531818261473,1,"HB-Doornpanne"
"354","AGBro337",0.0567506172839506,1,0.811707456174613,1,"HB-Doornpanne"
"355","AGBro35",2.68491124260355,1,0.101302870083818,0.193,"HB-Doornpanne"
"356","AGBro375",0.17180370090423,1,0.678513751511441,0.509,"HB-Doornpanne"
"357","AGBro403",17.5593424036281,15,0.286539955023539,0.098,"HB-Doornpanne"
"358","AGBro419",17.0011805555556,6,0.00927890659949571,0.003,"HB-Doornpanne"
"359","AGBro467",12.1646005509642,21,0.935067197841812,0.576,"HB-Doornpanne"
"360","AGBro480",9.45769557823129,6,0.149426359558571,0.034,"HB-Doornpanne"
"361","AGBro487",1.98405612244898,3,0.575722502356715,0.6,"HB-Doornpanne"
"362","AGBro57",8.664,1,0.00324558062881541,0.014,"HB-Doornpanne"
"363","AGBro76",7.94444444444444,6,0.242201777372165,0.221,"HB-Doornpanne"
"364","AGBro9",23.2711111111111,36,0.949959148963077,0.47,"HB-Doornpanne"
"365","AGBro110",0.489297976477463,3,0.921236229831107,0.905,"Witte Burg"
"366","AGBro111",24.282564877803,15,0.0604477931999879,0.376,"Witte Burg"
"367","AGBro116",4.70065789473684,3,0.195075313909151,0.224,"Witte Burg"
"368","AGBro12",6.76756802939041,10,0.747190623024948,0.391,"Witte Burg"
"369","AGBro138",1.37721893491124,1,0.24057543244293,0.313,"Witte Burg"
"370","AGBro144",21.6931496786042,15,0.116105929014094,0.05,"Witte Burg"
"371","AGBro153",2.11111111111111,3,0.549668182603776,0.467,"Witte Burg"
"372","AGBro16",0,0,1,1,"Witte Burg"
"373","AGBro161",1.43584775086505,3,0.697153749350493,0.638,"Witte Burg"
"374","AGBro20",0.0622837370242214,1,0.802922144581523,1,"Witte Burg"
"375","AGBro218",5.213125,3,0.156839956805579,0.093,"Witte Burg"
"376","AGBro227",1.99632690541781,10,0.996368226866664,0.888,"Witte Burg"
"377","AGBro234",1.48897959183673,3,0.684816160659333,0.701,"Witte Burg"
"378","AGBro266",0.051985798816568,1,0.819643173831322,1,"Witte Burg"
"379","AGBro299",2.4234693877551,6,0.876932416134804,1,"Witte Burg"
"380","AGBro307",0.996252888048729,1,0.31821890118335,0.324,"Witte Burg"
"381","AGBro32",0.0526315789473684,1,0.818545808382043,1,"Witte Burg"
"382","AGBro337",2.4234693877551,1,0.119529942097496,0.28,"Witte Burg"
"383","AGBro35",3.97061224489796,1,0.0463009347355243,0.058,"Witte Burg"
"384","AGBro375",0.20699701844483,1,0.649131361291049,0.612,"Witte Burg"
"385","AGBro403",43.8067523305619,28,0.029033438693181,0.106,"Witte Burg"
"386","AGBro419",5.52040816326531,3,0.137423065912931,0.093,"Witte Burg"
"387","AGBro467",26.6304938271605,21,0.183421003192274,0.112,"Witte Burg"
"388","AGBro480",3.21920727745289,6,0.780873693099463,0.795,"Witte Burg"
"389","AGBro487",4.50082236842105,3,0.212216945703035,0.203,"Witte Burg"
"390","AGBro57",17,1,3.73798184016838e-05,0,"Witte Burg"
"391","AGBro76",1.49753289473684,6,0.95965827304185,0.819,"Witte Burg"
"392","AGBro9",34.3122448979592,28,0.190781117205899,0.252,"Witte Burg"
"393","AGBro110",2.25927383503141,3,0.520367823492622,0.745,"Ter Yde IWVA"
"394","AGBro111",5.27777777777778,6,0.508711121371662,0.507,"Ter Yde IWVA"
"395","AGBro116",1.94786246301398,6,0.924430644505212,1,"Ter Yde IWVA"
"396","AGBro12",11.1587301587302,6,0.0835928334126131,0.119,"Ter Yde IWVA"
"397","AGBro138",0.66796875,1,0.413760690804413,1,"Ter Yde IWVA"
"398","AGBro144",16.7355555555556,15,0.334917144450351,0.017,"Ter Yde IWVA"
"399","AGBro153",6.1090364526262,6,0.411087348483967,0.396,"Ter Yde IWVA"
"400","AGBro16",0.139591836734694,3,0.9866956293741,1,"Ter Yde IWVA"
"401","AGBro161",7.74440586419753,3,0.0516002358515331,0.042,"Ter Yde IWVA"
"402","AGBro20",0.0146938775510204,1,0.903518125461653,1,"Ter Yde IWVA"
"403","AGBro218",0.325821995464853,1,0.568129667252883,1,"Ter Yde IWVA"
"404","AGBro227",1.46938775510204,6,0.961502028271138,1,"Ter Yde IWVA"
"405","AGBro234",3.4608864265928,3,0.325870563997755,0.256,"Ter Yde IWVA"
"406","AGBro266",1.82996432818074,1,0.176131758919181,0.52,"Ter Yde IWVA"
"407","AGBro299",1.04153314218249,6,0.983988727425129,1,"Ter Yde IWVA"
"408","AGBro307",1.31578947368421,1,0.251349108810223,0.368,"Ter Yde IWVA"
"409","AGBro32",2.29940974499441,3,0.512633993598524,0.327,"Ter Yde IWVA"
"410","AGBro337",0.61925925925926,3,0.892009597343065,1,"Ter Yde IWVA"
"411","AGBro35",16,1,6.334248366624e-05,0.001,"Ter Yde IWVA"
"412","AGBro375",3.55265306122449,1,0.059450323706058,0.141,"Ter Yde IWVA"
"413","AGBro403",10.9251448727639,15,0.7578824492924,0.587,"Ter Yde IWVA"
"414","AGBro419",9.06375,6,0.170024432708998,0.037,"Ter Yde IWVA"
"415","AGBro467",17.768044077135,21,0.663632035751182,0.367,"Ter Yde IWVA"
"416","AGBro480",7.5342822161004,6,0.274245330309169,0.111,"Ter Yde IWVA"
"417","AGBro487",3.51315789473684,6,0.742218279733201,0.518,"Ter Yde IWVA"
"418","AGBro57",0.0138787436084733,1,0.906219727573062,1,"Ter Yde IWVA"
"419","AGBro76",3.0512426035503,6,0.802388416607468,0.676,"Ter Yde IWVA"
"420","AGBro9",25.7683446712018,21,0.215420094224758,0.094,"Ter Yde IWVA"
"421","AGBro110",2.49135802469136,3,0.476854906541542,0.399,"Veurne"
"422","AGBro111",18.4036281179138,10,0.0485248988264099,0.134,"Veurne"
"423","AGBro116",21.0544217687075,6,0.00179376295945999,0.054,"Veurne"
"424","AGBro12",19.3320231796422,15,0.19908053898319,0.225,"Veurne"
"425","AGBro138",0.078125,1,0.779854617964919,1,"Veurne"
"426","AGBro144",20.8453514739229,21,0.46842289337236,0.187,"Veurne"
"427","AGBro153",2.52189349112426,6,0.866009433335369,0.713,"Veurne"
"428","AGBro16",0.0554016620498615,3,0.996588885939038,1,"Veurne"
"429","AGBro161",0.779755102040816,3,0.854302963325436,0.776,"Veurne"
"430","AGBro20",0.408163265306122,1,0.522903234512671,1,"Veurne"
"431","AGBro218",0.8,1,0.371093369522698,0.398,"Veurne"
"432","AGBro227",0.672222222222222,6,0.995071031098,1,"Veurne"
"433","AGBro234",4.02222222222222,3,0.259074508165553,0.208,"Veurne"
"434","AGBro266",1.61184189009753,1,0.204233082294911,0.183,"Veurne"
"435","AGBro299",0.899908172635446,6,0.989123634149346,1,"Veurne"
"436","AGBro307",1.63265306122449,1,0.201336485287401,0.286,"Veurne"
"437","AGBro32",0.555555555555555,1,0.456056540250256,0.638,"Veurne"
"438","AGBro337",0.0453514739229026,1,0.831359055457996,1,"Veurne"
"439","AGBro35",8.66242968807071,1,0.00324837872904005,0.004,"Veurne"
"440","AGBro375",0.292235237290182,1,0.588791685518668,0.63,"Veurne"
"441","AGBro403",9.81728395061728,15,0.831073085338431,0.881,"Veurne"
"442","AGBro419",18.0237229803164,6,0.00617318289164714,0.003,"Veurne"
"443","AGBro467",12.9526486520534,15,0.605955452999425,0.513,"Veurne"
"444","AGBro480",5.06428370164634,6,0.53559512215899,0.357,"Veurne"
"445","AGBro487",2.31141868512111,6,0.888947202258464,0.836,"Veurne"
"446","AGBro57",4.61797942317423,1,0.031638486879946,0.062,"Veurne"
"447","AGBro76",13.9291509196271,3,0.0030031939382974,0.002,"Veurne"
"448","AGBro9",29.9547269888348,21,0.0929015408128966,0.001,"Veurne"
"449","AGBro110",6.37142857142857,3,0.0948733117021966,0.127,"Slack"
"450","AGBro111",17.7054569362262,15,0.278467018806759,0.206,"Slack"
"451","AGBro116",2.03604938271605,3,0.564958334318427,0.48,"Slack"
"452","AGBro12",2.72464990558713,10,0.987182288580185,0.881,"Slack"
"453","AGBro138",0.29893574159059,1,0.584550385648649,0.593,"Slack"
"454","AGBro144",12.0626543209877,10,0.280885170916065,0.215,"Slack"
"455","AGBro153",9.8,6,0.1333310698849,0.247,"Slack"
"456","AGBro16",4.453125,6,0.615600120636774,0.331,"Slack"
"457","AGBro161",8.65124716553288,6,0.194162398553695,0.062,"Slack"
"458","AGBro20",0.0131492439184747,1,0.908706572535466,1,"Slack"
"459","AGBro218",0.555555555555555,1,0.456056540250256,0.636,"Slack"
"460","AGBro227",0.809106160674467,6,0.991827280145456,0.678,"Slack"
"461","AGBro234",1.79138321995465,3,0.616811836622302,0.825,"Slack"
"462","AGBro266",0.032,1,0.858027656987521,1,"Slack"
"463","AGBro299",4.36728395061728,6,0.627103232144126,0.671,"Slack"
"464","AGBro307",4.44610650887574,3,0.2171481345855,0.249,"Slack"
"465","AGBro32",3.51403306420607,3,0.318946635111218,0.177,"Slack"
"466","AGBro337",0.408163265306122,1,0.522903234512671,1,"Slack"
"467","AGBro35",0.0138787436084733,1,0.906219727573062,1,"Slack"
"468","AGBro375",0.725623582766439,1,0.394305444360769,0.661,"Slack"
"469","AGBro403",4.72237654320988,15,0.994227400415902,0.994,"Slack"
"470","AGBro419",4.70865051903114,6,0.581686155042768,0.216,"Slack"
"471","AGBro467",13.2029384756657,15,0.586626441061144,0.302,"Slack"
"472","AGBro480",2.67699672461577,6,0.848156787626314,0.87,"Slack"
"473","AGBro487",11.1706941600169,6,0.0832420287848679,0.031,"Slack"
"474","AGBro57",2.8125,1,0.0935325126890938,0.158,"Slack"
"475","AGBro76",2.43629489603025,6,0.875528044268947,0.748,"Slack"
"476","AGBro9",49.6352733686067,55,0.679035501242233,0.817,"Slack"
"477","AGBro110",3.98556266688135,3,0.263027327145682,0.175,"HB-Noord"
"478","AGBro111",22.2403628117914,21,0.385773997117989,0.072,"HB-Noord"
"479","AGBro116",3.8241975308642,6,0.700453037161183,0.494,"HB-Noord"
"480","AGBro12",6.31202563670096,10,0.788402409561356,0.809,"HB-Noord"
"481","AGBro138",1.77777777777778,1,0.182422439451736,0.181,"HB-Noord"
"482","AGBro144",13.1,15,0.594574119201929,0.629,"HB-Noord"
"483","AGBro153",5.11707988980716,6,0.528886958221406,0.258,"HB-Noord"
"484","AGBro16",0.0166493236212279,1,0.897332123936804,1,"HB-Noord"
"485","AGBro161",0.355555555555556,3,0.949262593640528,0.798,"HB-Noord"
"486","AGBro20",0.185185185185185,1,0.666954528692819,1,"HB-Noord"
"487","AGBro218",0.402857142857143,3,0.939651645603146,1,"HB-Noord"
"488","AGBro227",16.3786982248521,10,0.0892928065616198,0.122,"HB-Noord"
"489","AGBro234",2.93018920300972,3,0.402514339173505,0.552,"HB-Noord"
"490","AGBro266",1.176,1,0.278171823005162,0.339,"HB-Noord"
"491","AGBro299",6.18392542202066,6,0.402905389581571,0.32,"HB-Noord"
"492","AGBro307",8.04495867768595,1,0.00456304594899415,0.006,"HB-Noord"
"493","AGBro32",4.27111111111111,3,0.233638049936573,0.154,"HB-Noord"
"494","AGBro337",1.16502897455278,1,0.28042501171986,0.607,"HB-Noord"
"495","AGBro35",0,1,1,1,"HB-Noord"
"496","AGBro375",2.93877551020408,1,0.0864762654936657,0.202,"HB-Noord"
"497","AGBro403",20.1447686512622,15,0.166449253247781,0.089,"HB-Noord"
"498","AGBro419",1.76218586608197,3,0.623198078680982,0.471,"HB-Noord"
"499","AGBro467",12.280204643841,15,0.657707829546675,0.767,"HB-Noord"
"500","AGBro480",2.44897959183673,6,0.874133393709874,0.785,"HB-Noord"
"501","AGBro487",16.4765894556104,6,0.0114121307132438,0.176,"HB-Noord"
"502","AGBro57",8.664,1,0.00324558062881541,0.015,"HB-Noord"
"503","AGBro76",11.6771860618014,6,0.069570218552312,0.035,"HB-Noord"
"504","AGBro9",22.5866666666667,21,0.366405804735546,0.053,"HB-Noord"
"505","AGBro110",1.9708448117539,3,0.578479971459066,0.572,"Belvedere"
"506","AGBro111",13.3164525069287,21,0.897135830414556,0.317,"Belvedere"
"507","AGBro116",1.37918871252205,3,0.710420181274306,0.719,"Belvedere"
"508","AGBro12",5.58864265927978,10,0.848559367563517,0.338,"Belvedere"
"509","AGBro138",9.41112426035503,1,0.00215672947694134,0.004,"Belvedere"
"510","AGBro144",22.93,21,0.347722020346905,0.105,"Belvedere"
"511","AGBro153",13.6944444444444,6,0.0332419948768764,0.015,"Belvedere"
"512","AGBro16",0.0146938775510204,1,0.903518125461653,1,"Belvedere"
"513","AGBro161",12.6931945719825,6,0.0481751689509367,0.012,"Belvedere"
"514","AGBro20",0.06640625,1,0.796642998646268,1,"Belvedere"
"515","AGBro218",4.46250452843859,3,0.215659281236659,0.222,"Belvedere"
"516","AGBro227",45.2603550295858,10,1.95168634764542e-06,0.002,"Belvedere"
"517","AGBro234",4.72222222222222,3,0.193304602743699,0.211,"Belvedere"
"518","AGBro266",1.7196694214876,3,0.632569723406973,0.803,"Belvedere"
"519","AGBro299",4.78052126200274,6,0.572255381572101,0.55,"Belvedere"
"520","AGBro307",0.18,1,0.671373240540873,0.657,"Belvedere"
"521","AGBro32",1.90125,1,0.167938470988012,0.197,"Belvedere"
"522","AGBro337",0.0146938775510205,1,0.903518125461653,1,"Belvedere"
"523","AGBro35",7.28925619834711,1,0.00693681899415965,0.076,"Belvedere"
"524","AGBro375",0.222222222222222,1,0.637351888233937,0.638,"Belvedere"
"525","AGBro403",25.3968253968254,21,0.230386556742225,0.199,"Belvedere"
"526","AGBro419",15.8333333333333,6,0.0146770474980905,0.104,"Belvedere"
"527","AGBro467",21.4355555555556,21,0.432635711558997,0.664,"Belvedere"
"528","AGBro480",1.055,6,0.983441129109409,0.93,"Belvedere"
"529","AGBro487",4.14,3,0.246738096777552,0.274,"Belvedere"
"530","AGBro57",1.49502972651605,1,0.221437706288981,0.289,"Belvedere"
"531","AGBro76",3.78918714555766,6,0.705179722354368,0.569,"Belvedere"
"532","AGBro9",25.970041322314,28,0.574691382337953,0.531,"Belvedere"
"533","AGBro110",2.33310844999157,6,0.886658007692105,0.897,"Westhoek NO"
"534","AGBro111",13.7338230792776,15,0.545804896804016,0.138,"Westhoek NO"
"535","AGBro116",5.42313874354502,6,0.490794673788053,0.264,"Westhoek NO"
"536","AGBro12",8.7067405355494,10,0.560142710170094,0.465,"Westhoek NO"
"537","AGBro138",6.26584222272271,1,0.0123087644422626,0.026,"Westhoek NO"
"538","AGBro144",18.3110044794457,15,0.246668280662633,0.268,"Westhoek NO"
"539","AGBro153",1.79825360158729,6,0.937286770562485,0.878,"Westhoek NO"
"540","AGBro16",0.0369897959183674,3,0.998128768729593,1,"Westhoek NO"
"541","AGBro161",3.97178460743802,6,0.680494890770992,0.534,"Westhoek NO"
"542","AGBro20",0.0831024930747922,1,0.773136219189307,1,"Westhoek NO"
"543","AGBro218",0.023148148148148,1,0.879072450308971,1,"Westhoek NO"
"544","AGBro227",33.4162469649671,21,0.0418005511671961,0.12,"Westhoek NO"
"545","AGBro234",1.64819944598338,3,0.648510962745835,0.707,"Westhoek NO"
"546","AGBro266",3.07998614958449,3,0.379456542689417,0.203,"Westhoek NO"
"547","AGBro299",3.67130828429153,6,0.721055773251754,0.377,"Westhoek NO"
"548","AGBro307",0.00253968253968254,1,0.959807411116198,1,"Westhoek NO"
"549","AGBro32",0.619276791584483,1,0.431316161711919,0.717,"Westhoek NO"
"550","AGBro337",0.639785325895064,3,0.887267031502644,0.778,"Westhoek NO"
"551","AGBro35",8.81632653061224,1,0.00298547089126877,0.009,"Westhoek NO"
"552","AGBro375",1.38271604938272,1,0.239639046607999,0.232,"Westhoek NO"
"553","AGBro403",29.9709863945578,21,0.0925725815520816,0.027,"Westhoek NO"
"554","AGBro419",16.1845080356111,6,0.012797164367919,0.007,"Westhoek NO"
"555","AGBro467",23.32223183391,21,0.327041219890138,0.074,"Westhoek NO"
"556","AGBro480",6.89106868855776,6,0.331038771587519,0.18,"Westhoek NO"
"557","AGBro487",1.59079868984631,3,0.661477950163933,0.637,"Westhoek NO"
"558","AGBro57",9.74585171182525,1,0.00179727838994082,0.008,"Westhoek NO"
"559","AGBro76",2.17777777777778,6,0.902643698523083,0.899,"Westhoek NO"
"560","AGBro9",40.9660238751148,36,0.261695764697536,0.18,"Westhoek NO"
"561","AGBro110",2.62354528588295,3,0.45337669835752,0.657,"Westhoek Oost"
"562","AGBro111",17.7949385636608,10,0.0585228372458984,0.011,"Westhoek Oost"
"563","AGBro116",1.3836011342155,3,0.709383178727763,0.646,"Westhoek Oost"
"564","AGBro12",15.8979591836735,15,0.388865626379315,0.133,"Westhoek Oost"
"565","AGBro138",6.63804297520661,1,0.00998235340849774,0.017,"Westhoek Oost"
"566","AGBro144",13.3733333333333,15,0.573485884075667,0.668,"Westhoek Oost"
"567","AGBro153",5.91344022030853,3,0.115898336182588,0.127,"Westhoek Oost"
"568","AGBro16",0.0156106519742883,1,0.900568996852725,1,"Westhoek Oost"
"569","AGBro161",2.58680555555556,3,0.459807400286685,0.554,"Westhoek Oost"
"570","AGBro20",0,0,1,1,"Westhoek Oost"
"571","AGBro218",2.45324263038549,3,0.483800479557338,0.288,"Westhoek Oost"
"572","AGBro227",1.46938775510204,6,0.961502028271138,1,"Westhoek Oost"
"573","AGBro234",6.73469387755102,3,0.0808523539517003,0.105,"Westhoek Oost"
"574","AGBro266",1.82963333281257,1,0.176170860520504,0.277,"Westhoek Oost"
"575","AGBro299",7.52,3,0.0570467871663753,0.181,"Westhoek Oost"
"576","AGBro307",1.51151590112629,1,0.218907918958733,0.262,"Westhoek Oost"
"577","AGBro32",3.55265306122449,1,0.059450323706058,0.135,"Westhoek Oost"
"578","AGBro337",0.125837518595989,1,0.722787495836403,1,"Westhoek Oost"
"579","AGBro35",0.616780045351474,1,0.432246364038561,0.411,"Westhoek Oost"
"580","AGBro375",0.00628698224852069,1,0.936801568140136,1,"Westhoek Oost"
"581","AGBro403",21.9973140495868,15,0.10787435623839,0.171,"Westhoek Oost"
"582","AGBro419",19.1604938271605,3,0.000253282897603957,0.005,"Westhoek Oost"
"583","AGBro467",19.9907407407407,21,0.521847813858548,0.539,"Westhoek Oost"
"584","AGBro480",18.8322222222222,6,0.00445656931774807,0.001,"Westhoek Oost"
"585","AGBro487",7.7744783010157,6,0.255095616227685,0.097,"Westhoek Oost"
"586","AGBro57",3.26060408163265,1,0.0709629800420108,0.096,"Westhoek Oost"
"587","AGBro76",7.28764705882353,6,0.295063002031439,0.301,"Westhoek Oost"
"588","AGBro9",53.1377777777778,36,0.0327054789254414,0.024,"Westhoek Oost"
"589","AGBro110",2.48535487197113,3,0.477943601024225,0.651,"Oosthoekduinen"
"590","AGBro111",46.8098206738317,15,3.94927368726483e-05,0.013,"Oosthoekduinen"
"591","AGBro116",0.304250346260388,3,0.959227132908215,1,"Oosthoekduinen"
"592","AGBro12",35.1411570247934,21,0.0272441698268377,0.298,"Oosthoekduinen"
"593","AGBro138",3.9817535003906,1,0.0459956572087575,0.05,"Oosthoekduinen"
"594","AGBro144",28.2776851851852,21,0.132450136627982,0.215,"Oosthoekduinen"
"595","AGBro153",3.7734375,3,0.286990949798977,0.162,"Oosthoekduinen"
"596","AGBro16",0,0,1,1,"Oosthoekduinen"
"597","AGBro161",0.883722106601919,3,0.829354156251124,0.769,"Oosthoekduinen"
"598","AGBro20",0.4032,1,0.525441253862219,1,"Oosthoekduinen"
"599","AGBro218",2.81399583766909,3,0.421201132362157,0.365,"Oosthoekduinen"
"600","AGBro227",8.33979238754326,21,0.993527390665357,0.75,"Oosthoekduinen"
"601","AGBro234",8.45734693877551,3,0.0374474626970648,0.026,"Oosthoekduinen"
"602","AGBro266",2.5330852824993,1,0.11148204631517,0.12,"Oosthoekduinen"
"603","AGBro299",10.6274048442907,6,0.100597431615169,0.124,"Oosthoekduinen"
"604","AGBro307",2.77834467120181,1,0.095546875304812,0.124,"Oosthoekduinen"
"605","AGBro32",1.71040816326531,1,0.190932421968565,0.301,"Oosthoekduinen"
"606","AGBro337",5.8725,1,0.0153791964701411,0.03,"Oosthoekduinen"
"607","AGBro35",5.1156,1,0.0237116655571804,0.069,"Oosthoekduinen"
"608","AGBro375",2.92639382186256,3,0.403113581120749,0.351,"Oosthoekduinen"
"609","AGBro403",34.9357142857143,36,0.519070642348975,0.155,"Oosthoekduinen"
"610","AGBro419",24.8931939245126,6,0.000357356518730478,0,"Oosthoekduinen"
"611","AGBro467",22.1167926429831,21,0.392806521955603,0.642,"Oosthoekduinen"
"612","AGBro480",3.49721706864564,6,0.744339915503401,0.372,"Oosthoekduinen"
"613","AGBro487",3.34826151526488,6,0.764036016971571,0.663,"Oosthoekduinen"
"614","AGBro57",5.95826099624859,1,0.0146484825832096,0.045,"Oosthoekduinen"
"615","AGBro76",15.1272762707802,6,0.0192895586900824,0.058,"Oosthoekduinen"
"616","AGBro9",30.2319940476191,28,0.352214472590924,0.802,"Oosthoekduinen"
"617","AGBro110",3.01032342932311,3,0.390036243540339,0.414,"Schipgatduinen"
"618","AGBro111",15.7043083900227,10,0.108415569502644,0.012,"Schipgatduinen"
"619","AGBro116",0.643199673502704,3,0.886475414661958,1,"Schipgatduinen"
"620","AGBro12",6.2265306122449,10,0.795885523883147,0.626,"Schipgatduinen"
"621","AGBro138",1.51859504132231,1,0.217832229237272,0.218,"Schipgatduinen"
"622","AGBro144",25.5596076694978,21,0.223740904915906,0.045,"Schipgatduinen"
"623","AGBro153",0.107913836962356,1,0.742531818261473,1,"Schipgatduinen"
"624","AGBro16",0,0,1,1,"Schipgatduinen"
"625","AGBro161",2.63891439649015,6,0.85260848328221,0.705,"Schipgatduinen"
"626","AGBro20",0.355029585798817,1,0.551279719395779,1,"Schipgatduinen"
"627","AGBro218",0.236462898885044,1,0.626772549451546,0.654,"Schipgatduinen"
"628","AGBro227",1.2544,6,0.974112517420294,1,"Schipgatduinen"
"629","AGBro234",8.19375,3,0.0421726739535957,0.017,"Schipgatduinen"
"630","AGBro266",1.46177514792899,3,0.69112028286751,0.449,"Schipgatduinen"
"631","AGBro299",1,3,0.801251956901201,0.704,"Schipgatduinen"
"632","AGBro307",0.6,1,0.438578026081,1,"Schipgatduinen"
"633","AGBro32",0.974194636532299,1,0.323636271985197,0.586,"Schipgatduinen"
"634","AGBro337",0.326530612244898,1,0.567709166197353,1,"Schipgatduinen"
"635","AGBro35",9.93075112842868,1,0.00162540192298588,0.01,"Schipgatduinen"
"636","AGBro375",1.70390889504463,3,0.63606510871132,0.562,"Schipgatduinen"
"637","AGBro403",17.5412942036319,15,0.287547873428688,0.331,"Schipgatduinen"
"638","AGBro419",9.0702947845805,6,0.169663167702746,0.087,"Schipgatduinen"
"639","AGBro467",26.6316049382716,21,0.183382193902829,0.102,"Schipgatduinen"
"640","AGBro480",16.4182830156856,6,0.0116765456103801,0.082,"Schipgatduinen"
"641","AGBro487",4.90666666666667,3,0.178760440066327,0.25,"Schipgatduinen"
"642","AGBro57",2.68491124260355,1,0.101302870083818,0.214,"Schipgatduinen"
"643","AGBro76",2.63891439649015,6,0.85260848328221,0.72,"Schipgatduinen"
"644","AGBro9",11.2583333333333,15,0.734075811607663,0.515,"Schipgatduinen"
"645","AGBro110",1.08444444444444,3,0.780830521627553,0.744,"HB-Oost"
"646","AGBro111",13.9570068027211,10,0.174961709501493,0.083,"HB-Oost"
"647","AGBro116",8.64231426692965,6,0.194715693626004,0.172,"HB-Oost"
"648","AGBro12",6.55555555555556,10,0.766630771075184,0.676,"HB-Oost"
"649","AGBro138",6.39450389747655,1,0.0114474216746505,0.11,"HB-Oost"
"650","AGBro144",13.71,21,0.881730661562379,0.381,"HB-Oost"
"651","AGBro153",2.75510204081633,3,0.430944348231847,0.752,"HB-Oost"
"652","AGBro16",6.39450389747655,1,0.0114474216746505,0.098,"HB-Oost"
"653","AGBro161",9.94103806228374,3,0.0190740403747873,0.012,"HB-Oost"
"654","AGBro20",0.2016,1,0.653432459959598,1,"HB-Oost"
"655","AGBro218",2.85444444444444,3,0.414615634756009,0.328,"HB-Oost"
"656","AGBro227",12.5895691609977,15,0.633966152651856,0.559,"HB-Oost"
"657","AGBro234",0.525,3,0.913365676382271,0.82,"HB-Oost"
"658","AGBro266",0.185185185185185,1,0.66695452869282,1,"HB-Oost"
"659","AGBro299",5.55159929899938,6,0.475242297576874,0.208,"HB-Oost"
"660","AGBro307",2.22068435217224,1,0.136172687217295,0.14,"HB-Oost"
"661","AGBro32",1.52998758126963,3,0.675366706277562,0.768,"HB-Oost"
"662","AGBro337",0.014692378328742,1,0.903523023570037,1,"HB-Oost"
"663","AGBro35",4.1156462585034,1,0.0424882890211171,0.068,"HB-Oost"
"664","AGBro375",0.014692378328742,1,0.903523023570037,1,"HB-Oost"
"665","AGBro403",18.1043083900227,28,0.923491428565767,0.945,"HB-Oost"
"666","AGBro419",5.87293388429752,6,0.437573749164164,0.299,"HB-Oost"
"667","AGBro467",17.9166666666667,15,0.267071996862227,0.193,"HB-Oost"
"668","AGBro480",1.17174515235457,6,0.978257299224294,0.924,"HB-Oost"
"669","AGBro487",5.14669421487603,6,0.525141026052485,0.252,"HB-Oost"
"670","AGBro57",6.51601239669422,1,0.0106907443644628,0.022,"HB-Oost"
"671","AGBro76",2.41975308641975,6,0.877338254899805,0.756,"HB-Oost"
"672","AGBro9",34.3427160493827,21,0.0332918641266918,0.005,"HB-Oost"
"673","AGBro110",9.09210715105601,6,0.168463911131019,0.099,"Zwinbosjes"
"674","AGBro111",6.34862627165743,6,0.385290439798359,0.436,"Zwinbosjes"
"675","AGBro116",0.33062381852552,3,0.954169728314808,1,"Zwinbosjes"
"676","AGBro12",10.7314655872088,15,0.77138765385033,0.5,"Zwinbosjes"
"677","AGBro138",5.5038644470868,1,0.0189744967581145,0.041,"Zwinbosjes"
"678","AGBro144",22.0619976218787,15,0.106188542732783,0.329,"Zwinbosjes"
"679","AGBro153",2.78136750635052,6,0.835744627295308,0.586,"Zwinbosjes"
"680","AGBro16",4.56636406787706,3,0.206446601832929,0.197,"Zwinbosjes"
"681","AGBro161",2.38940673102723,3,0.495609602675635,0.249,"Zwinbosjes"
"682","AGBro20",0.2298190175237,1,0.63165805673799,1,"Zwinbosjes"
"683","AGBro218",1.21189881772268,3,0.750151921211713,0.531,"Zwinbosjes"
"684","AGBro227",3.63725490196078,10,0.962231191101868,0.5,"Zwinbosjes"
"685","AGBro234",7.85190000811623,3,0.0491737299212403,0.031,"Zwinbosjes"
"686","AGBro266",0.3076171875,1,0.579146068355507,1,"Zwinbosjes"
"687","AGBro299",5.31342803030303,6,0.504286800715316,0.416,"Zwinbosjes"
"688","AGBro307",0.723689234287848,1,0.394936433281938,0.442,"Zwinbosjes"
"689","AGBro32",3.18248866213152,6,0.785618698586409,0.532,"Zwinbosjes"
"690","AGBro337",0.605354383069904,1,0.436542348148573,0.519,"Zwinbosjes"
"691","AGBro35",11.774,1,0.000600637707295459,0,"Zwinbosjes"
"692","AGBro375",1.87650887573964,1,0.170731467852813,0.186,"Zwinbosjes"
"693","AGBro403",12.8425163398693,21,0.914039763719067,0.725,"Zwinbosjes"
"694","AGBro419",27.505084404132,10,0.00216543844960349,0.009,"Zwinbosjes"
"695","AGBro467",39.1323438466296,10,2.40688124795163e-05,0.013,"Zwinbosjes"
"696","AGBro480",3.70769462299765,6,0.716162660671821,0.67,"Zwinbosjes"
"697","AGBro487",33.5084408094789,6,8.36918852598068e-06,0.068,"Zwinbosjes"
"698","AGBro57",0.0748299319727891,1,0.784430000051681,1,"Zwinbosjes"
"699","AGBro76",1.56160951865873,3,0.668125584098502,0.627,"Zwinbosjes"
"700","AGBro9",60.9272108843537,45,0.0567990472242696,0.638,"Zwinbosjes"
"701","AGBro110",1.71259259259259,3,0.634137812566605,0.624,"Ter Yde West"
"702","AGBro111",19.959012345679,10,0.029642754556094,0.009,"Ter Yde West"
"703","AGBro116",1.54716049382716,3,0.671429255358717,0.751,"Ter Yde West"
"704","AGBro12",1.97331240188383,6,0.922136609131393,1,"Ter Yde West"
"705","AGBro138",0.22117202268431,1,0.638148343332325,1,"Ter Yde West"
"706","AGBro144",17.2903703703704,21,0.693361154104949,0.473,"Ter Yde West"
"707","AGBro153",3,3,0.391625176271089,0.626,"Ter Yde West"
"708","AGBro16",0.0902777777777778,3,0.992978040278933,1,"Ter Yde West"
"709","AGBro161",2.42489795918367,6,0.876776278277071,0.856,"Ter Yde West"
"710","AGBro20",0.0902777777777778,1,0.763824315315463,1,"Ter Yde West"
"711","AGBro218",0.467042590456662,1,0.494350870650186,1,"Ter Yde West"
"712","AGBro227",1.3641975308642,3,0.713948063109689,0.318,"Ter Yde West"
"713","AGBro234",1.92592592592593,3,0.58792247849975,0.524,"Ter Yde West"
"714","AGBro266",1.17,1,0.279401240509134,1,"Ter Yde West"
"715","AGBro299",1.05925925925926,3,0.786917026033258,1,"Ter Yde West"
"716","AGBro307",3.64359861591696,1,0.0562851528654577,0.227,"Ter Yde West"
"717","AGBro32",3.3168044077135,3,0.345310624013919,0.136,"Ter Yde West"
"718","AGBro337",1.79111111111111,3,0.616871165495555,0.714,"Ter Yde West"
"719","AGBro35",2.61333333333333,1,0.105968809127203,0.202,"Ter Yde West"
"720","AGBro375",3.12379853902345,1,0.0771567284636862,0.1,"Ter Yde West"
"721","AGBro403",20.2222222222222,21,0.507227105830311,0.556,"Ter Yde West"
"722","AGBro419",15.2716836734694,6,0.0182456806929229,0.042,"Ter Yde West"
"723","AGBro467",18.1819444444444,15,0.253221067196638,0.149,"Ter Yde West"
"724","AGBro480",5.60444444444444,6,0.468924128496119,0.456,"Ter Yde West"
"725","AGBro487",4.6232741617357,6,0.592955217934601,0.646,"Ter Yde West"
"726","AGBro57",3.7037037037037,1,0.0542918283668546,0.086,"Ter Yde West"
"727","AGBro76",3.27763313609467,3,0.350767847647572,0.241,"Ter Yde West"
"728","AGBro9",21.8351020408163,15,0.11220118357471,0.052,"Ter Yde West"
"729","AGBro110",1.38255292743849,3,0.709629469900934,0.828,"Plaatsduinen"
"730","AGBro111",13.3550170068027,21,0.895680777039583,0.492,"Plaatsduinen"
"731","AGBro116",13.4681481481481,6,0.0361756167562448,0.12,"Plaatsduinen"
"732","AGBro12",11.4206693877551,10,0.325696224015247,0.375,"Plaatsduinen"
"733","AGBro138",3.38059171597633,1,0.0659683672942127,0.073,"Plaatsduinen"
"734","AGBro144",19.3529387755102,21,0.562510615904683,0.623,"Plaatsduinen"
"735","AGBro153",0.456368720788139,3,0.928366956322719,1,"Plaatsduinen"
"736","AGBro16",0,0,1,1,"Plaatsduinen"
"737","AGBro161",2.02548209366391,6,0.91734015208059,0.844,"Plaatsduinen"
"738","AGBro20",0.1728,1,0.677635254132439,1,"Plaatsduinen"
"739","AGBro218",0.00642643434198392,1,0.936105991191777,1,"Plaatsduinen"
"740","AGBro227",19.6224489795918,15,0.186899256484756,0.174,"Plaatsduinen"
"741","AGBro234",5.63912239166483,3,0.130550340015783,0.106,"Plaatsduinen"
"742","AGBro266",0.788816180844735,3,0.852140142898851,0.684,"Plaatsduinen"
"743","AGBro299",11.2133333333333,6,0.0820026809040824,0.08,"Plaatsduinen"
"744","AGBro307",6.25925925925926,1,0.0123545850178719,0.016,"Plaatsduinen"
"745","AGBro32",0.925925925925926,1,0.335923813151736,0.469,"Plaatsduinen"
"746","AGBro337",1.41061224489796,1,0.234954783703343,0.307,"Plaatsduinen"
"747","AGBro35",20.350076941608,1,6.44904949909098e-06,0,"Plaatsduinen"
"748","AGBro375",7.34566999431864,1,0.00672244735153038,0.016,"Plaatsduinen"
"749","AGBro403",16.6421859331968,28,0.955326001081553,0.519,"Plaatsduinen"
"750","AGBro419",10.8444230877947,6,0.0933053875177898,0.032,"Plaatsduinen"
"751","AGBro467",20.1176974514136,21,0.513817477398247,0.13,"Plaatsduinen"
"752","AGBro480",8.49562816990702,6,0.203992851509807,0.152,"Plaatsduinen"
"753","AGBro487",1.49680555555556,6,0.95970647366082,0.91,"Plaatsduinen"
"754","AGBro57",18.8641549874816,1,1.4036560811781e-05,0.002,"Plaatsduinen"
"755","AGBro76",7.10341643582641,6,0.311389171964226,0.132,"Plaatsduinen"
"756","AGBro9",26.9410430839002,21,0.172813186296951,0.13,"Plaatsduinen"
"757","AGBro110",5.86673469387755,6,0.43828307917129,0.197,"Westhoek Zuid"
"758","AGBro111",36.6614876033058,21,0.0184038583243239,0.018,"Westhoek Zuid"
"759","AGBro116",9.82333333333333,3,0.0201291327193579,0.006,"Westhoek Zuid"
"760","AGBro12",43.6748148148148,15,0.000123620046784345,0.004,"Westhoek Zuid"
"761","AGBro138",1.89,1,0.169201921659202,0.277,"Westhoek Zuid"
"762","AGBro144",12.750141723356,15,0.621589979389649,0.561,"Westhoek Zuid"
"763","AGBro153",11.2291666666667,6,0.0815467786192736,0.013,"Westhoek Zuid"
"764","AGBro16",0,0,1,1,"Westhoek Zuid"
"765","AGBro161",0.34297052154195,3,0.951754260681257,1,"Westhoek Zuid"
"766","AGBro20",0,0,1,1,"Westhoek Zuid"
"767","AGBro218",4.36289645032556,3,0.224850505243676,0.13,"Westhoek Zuid"
"768","AGBro227",38.296875,10,3.36904680611205e-05,0.072,"Westhoek Zuid"
"769","AGBro234",3.58323721645521,3,0.310125909806587,0.212,"Westhoek Zuid"
"770","AGBro266",1.57744855967078,1,0.209128590979633,0.337,"Westhoek Zuid"
"771","AGBro299",1.90476190476191,3,0.592407033425683,0.63,"Westhoek Zuid"
"772","AGBro307",1.55579644970414,1,0.212281763810961,0.334,"Westhoek Zuid"
"773","AGBro32",1.35111111111111,1,0.24508396477492,0.378,"Westhoek Zuid"
"774","AGBro337",0.398938777616292,1,0.527637825744343,0.587,"Westhoek Zuid"
"775","AGBro35",8.87194444444445,1,0.0028958652932386,0.005,"Westhoek Zuid"
"776","AGBro375",0.30787037037037,3,0.958541543741271,1,"Westhoek Zuid"
"777","AGBro403",23.5111111111111,10,0.0090093589095247,0.022,"Westhoek Zuid"
"778","AGBro419",10.3806007141357,6,0.109512250632782,0.078,"Westhoek Zuid"
"779","AGBro467",18.879990339331,21,0.592838456471997,0.564,"Westhoek Zuid"
"780","AGBro480",13.9912066115702,6,0.0297345452909217,0.012,"Westhoek Zuid"
"781","AGBro487",8.74603517877739,6,0.188372674018759,0.1,"Westhoek Zuid"
"782","AGBro57",2.55444444444444,1,0.109984470168641,0.161,"Westhoek Zuid"
"783","AGBro76",0.986038437087388,6,0.986136041733445,0.938,"Westhoek Zuid"
"784","AGBro9",14.2784955304436,21,0.857342030270799,0.847,"Westhoek Zuid"
"785","AGBro110",3.77741967375185,6,0.706767432727619,0.684,"Kopberg"
"786","AGBro111",18.208928083054,15,0.251840968858498,0.502,"Kopberg"
"787","AGBro116",10.4543895747599,3,0.0150735124833566,0.012,"Kopberg"
"788","AGBro12",47.486710841606,28,0.0121629190538038,0.061,"Kopberg"
"789","AGBro138",0.0131492439184747,1,0.908706572535466,1,"Kopberg"
"790","AGBro144",4.90635108481262,6,0.555879310797616,0.357,"Kopberg"
"791","AGBro153",4.34259259259259,3,0.226767781361167,0.173,"Kopberg"
"792","AGBro16",0.383491599707816,3,0.943631229895559,1,"Kopberg"
"793","AGBro161",5.33504132231405,3,0.148844705441265,0.14,"Kopberg"
"794","AGBro20",0.0124925639500297,1,0.911005664836226,1,"Kopberg"
"795","AGBro218",11.2562350780533,1,0.000793560028131135,0.011,"Kopberg"
"796","AGBro227",1.96875,10,0.996574093386039,0.772,"Kopberg"
"797","AGBro234",5.03195767195767,3,0.169471947706356,0.147,"Kopberg"
"798","AGBro266",0.00194156804733725,1,0.964854004235326,1,"Kopberg"
"799","AGBro299",8.18277737196656,1,0.00422899616877548,0.075,"Kopberg"
"800","AGBro307",7.6125,3,0.054737225144451,0.017,"Kopberg"
"801","AGBro32",2.23528757661187,3,0.525031304386279,0.5,"Kopberg"
"802","AGBro337",3.03673469387755,3,0.385996013770802,0.387,"Kopberg"
"803","AGBro35",17.0544996539792,1,3.63222063527457e-05,0,"Kopberg"
"804","AGBro375",7.38946559015763,1,0.00656069785845581,0.029,"Kopberg"
"805","AGBro403",12.5,10,0.252985323309298,0.169,"Kopberg"
"806","AGBro419",0.125718696240867,1,0.722913010173955,0.685,"Kopberg"
"807","AGBro467",16.6825208085612,15,0.338194813176751,0.27,"Kopberg"
"808","AGBro480",0.899908172635446,1,0.342806334629711,0.641,"Kopberg"
"809","AGBro487",14.3393824826717,3,0.00247777183701048,0.009,"Kopberg"
"810","AGBro57",9.453125,1,0.00210789659663868,0.005,"Kopberg"
"811","AGBro76",2.53037037037037,3,0.469827471863849,0.345,"Kopberg"
"812","AGBro9",15.4412672176309,21,0.800177129962371,0.625,"Kopberg"
"813","AGBro110",4.06666666666667,6,0.66765489240909,0.465,"Keiheuvel"
"814","AGBro111",7.85777777777778,6,0.248709183316446,0.17,"Keiheuvel"
"815","AGBro116",0.123456790123457,1,0.725315148237577,1,"Keiheuvel"
"816","AGBro12",15.4666666666667,15,0.418353574540814,0.493,"Keiheuvel"
"817","AGBro138",0.163265306122449,1,0.686167849855239,1,"Keiheuvel"
"818","AGBro144",8.54875283446712,6,0.200591036222299,0.361,"Keiheuvel"
"819","AGBro153",3.69473279507882,1,0.054584524594833,0.151,"Keiheuvel"
"820","AGBro16",2.89940828402367,3,0.40739587262931,0.616,"Keiheuvel"
"821","AGBro161",0.64,3,0.887217281585166,1,"Keiheuvel"
"822","AGBro20",0,0,1,1,"Keiheuvel"
"823","AGBro218",0.625,1,0.429195300440349,1,"Keiheuvel"
"824","AGBro227",1.92743764172336,3,0.587603022112265,0.68,"Keiheuvel"
"825","AGBro234",1.35308641975309,3,0.716567416816841,0.723,"Keiheuvel"
"826","AGBro266",0.277777777777778,1,0.598161452683528,0.541,"Keiheuvel"
"827","AGBro299",0.311418685121107,3,0.957866822244294,1,"Keiheuvel"
"828","AGBro307",3.6734693877551,3,0.298950767021456,0.325,"Keiheuvel"
"829","AGBro32",2.8125,3,0.421446326178102,0.558,"Keiheuvel"
"830","AGBro337",2.89940828402367,3,0.40739587262931,0.501,"Keiheuvel"
"831","AGBro35",2.7225,1,0.098942936067296,0.192,"Keiheuvel"
"832","AGBro375",0.4,1,0.527089256865538,0.454,"Keiheuvel"
"833","AGBro403",30.5325443786982,15,0.0101396317262872,0.038,"Keiheuvel"
"834","AGBro419",0.0978142736384495,1,0.754468526649911,1,"Keiheuvel"
"835","AGBro467",2.89940828402367,6,0.821362173311465,1,"Keiheuvel"
"836","AGBro480",1.7151311090705,1,0.1903209864388,0.533,"Keiheuvel"
"837","AGBro487",12.0444444444444,6,0.060984616337164,0.003,"Keiheuvel"
"838","AGBro57",0.311418685121107,1,0.576810925536172,1,"Keiheuvel"
"839","AGBro76",3.95555555555555,3,0.266303493119793,0.086,"Keiheuvel"
"840","AGBro9",30.2040816326531,21,0.0879630950553492,0.001,"Keiheuvel"
"841","AGBro110",9.44636678200692,3,0.0239088263763253,0.165,"Kortenhoeff-NL"
"842","AGBro111",3.55621301775148,3,0.313544330526961,0.232,"Kortenhoeff-NL"
"843","AGBro116",3.285,3,0.349735827889523,0.121,"Kortenhoeff-NL"
"844","AGBro12",13.9,10,0.177601981373213,0.345,"Kortenhoeff-NL"
"845","AGBro138",5.28402766065104,1,0.0215219067408339,0.033,"Kortenhoeff-NL"
"846","AGBro144",0.348943985307622,3,0.950575239150192,1,"Kortenhoeff-NL"
"847","AGBro153",0.00102030405060709,1,0.974518146188997,1,"Kortenhoeff-NL"
"848","AGBro16",2.34,3,0.504901308189213,0.546,"Kortenhoeff-NL"
"849","AGBro161",0.36,1,0.548506235500147,1,"Kortenhoeff-NL"
"850","AGBro20",0,0,1,1,"Kortenhoeff-NL"
"851","AGBro218",0,1,1,1,"Kortenhoeff-NL"
"852","AGBro227",3.57208448117539,3,0.311532644070653,0.202,"Kortenhoeff-NL"
"853","AGBro234",0.0311418685121107,1,0.859924253238214,1,"Kortenhoeff-NL"
"854","AGBro266",1.40625,1,0.235679913429038,0.298,"Kortenhoeff-NL"
"855","AGBro299",0.0311418685121107,1,0.859924253238214,1,"Kortenhoeff-NL"
"856","AGBro307",5.7825,3,0.122685118149588,0.065,"Kortenhoeff-NL"
"857","AGBro32",0.0226757369614513,1,0.880303370447462,1,"Kortenhoeff-NL"
"858","AGBro337",0.0277008310249308,1,0.867814107693651,1,"Kortenhoeff-NL"
"859","AGBro35",1.55188246097337,1,0.212857753697881,0.246,"Kortenhoeff-NL"
"860","AGBro375",0.734693877551021,1,0.391365938307552,1,"Kortenhoeff-NL"
"861","AGBro403",2.1,6,0.910275569875393,1,"Kortenhoeff-NL"
"862","AGBro419",3.87777777777778,3,0.274967966060002,0.182,"Kortenhoeff-NL"
"863","AGBro467",0.924444444444444,3,0.819525152002243,1,"Kortenhoeff-NL"
"864","AGBro480",0.734693877551021,3,0.865014827795268,1,"Kortenhoeff-NL"
"865","AGBro487",6.17777777777778,6,0.403573011354165,0.483,"Kortenhoeff-NL"
"866","AGBro57",3.40277777777778,1,0.0650867264927669,0.089,"Kortenhoeff-NL"
"867","AGBro76",0.123456790123457,1,0.725315148237577,1,"Kortenhoeff-NL"
"868","AGBro9",3.18641975308642,6,0.785111745664831,0.619,"Kortenhoeff-NL"
"869","AGBro110",1.94444444444444,3,0.584017155299992,0.543,"Kalmthout1"
"870","AGBro111",3.85,10,0.953860112966884,0.851,"Kalmthout1"
"871","AGBro116",0.48,1,0.488422316622594,1,"Kalmthout1"
"872","AGBro12",14.85,15,0.462275063508092,0.475,"Kalmthout1"
"873","AGBro138",0.54320987654321,1,0.461105485525426,1,"Kalmthout1"
"874","AGBro144",15.1640816326531,6,0.0190182090117289,0.073,"Kalmthout1"
"875","AGBro153",2.18294051627385,3,0.535316369489419,0.597,"Kalmthout1"
"876","AGBro16",0.285039635688986,3,0.962817119108731,1,"Kalmthout1"
"877","AGBro161",0.782222222222222,1,0.376462365767638,0.562,"Kalmthout1"
"878","AGBro20",0.0249433106575964,1,0.874508401253085,1,"Kalmthout1"
"879","AGBro218",2,1,0.157299207050285,0.207,"Kalmthout1"
"880","AGBro227",0.123456790123457,1,0.725315148237577,1,"Kalmthout1"
"881","AGBro234",6.02083333333333,3,0.110601025707489,0.162,"Kalmthout1"
"882","AGBro266",4.14742997845491,1,0.0416977662369904,0.161,"Kalmthout1"
"883","AGBro299",0.274238227146814,3,0.964798447467566,1,"Kalmthout1"
"884","AGBro307",0.4,1,0.527089256865538,0.484,"Kalmthout1"
"885","AGBro32",1.18530612244898,1,0.276278415808018,0.297,"Kalmthout1"
"886","AGBro337",4.59863945578231,1,0.0319973393763915,0.113,"Kalmthout1"
"887","AGBro35",4.05484693877551,1,0.0440447116472535,0.059,"Kalmthout1"
"888","AGBro375",0.148148148148148,1,0.70031137293689,1,"Kalmthout1"
"889","AGBro403",20.5037037037037,10,0.0248327690557995,0,"Kalmthout1"
"890","AGBro419",11.3150295857988,3,0.0101388409526708,0.012,"Kalmthout1"
"891","AGBro467",6.83360946745562,10,0.74105433048436,0.672,"Kalmthout1"
"892","AGBro480",3.05333333333333,3,0.383475098841968,0.293,"Kalmthout1"
"893","AGBro487",1.94721088435374,3,0.583435249916579,0.513,"Kalmthout1"
"894","AGBro57",0.140625,1,0.707660466654553,1,"Kalmthout1"
"895","AGBro76",8.59074990943123,6,0.197935580655529,0.327,"Kalmthout1"
"896","AGBro9",18.4027777777778,10,0.0485377103380721,0.088,"Kalmthout1"
"897","AGBro110",2.33471074380165,3,0.5059038829522,0.304,"Hamont-Achel1"
"898","AGBro111",1.11111111111111,3,0.774392516971433,1,"Hamont-Achel1"
"899","AGBro116",0.226757369614513,3,0.973158355637674,1,"Hamont-Achel1"
"900","AGBro12",0.8,3,0.849467033391825,0.873,"Hamont-Achel1"
"901","AGBro138",0,0,1,1,"Hamont-Achel1"
"902","AGBro144",6.9,3,0.0751543425637877,0.077,"Hamont-Achel1"
"903","AGBro153",3.95555555555556,3,0.266303493119793,0.206,"Hamont-Achel1"
"904","AGBro16",0.0277008310249308,1,0.867814107693651,1,"Hamont-Achel1"
"905","AGBro161",3.49,3,0.322061405149201,0.181,"Hamont-Achel1"
"906","AGBro20",0,0,1,1,"Hamont-Achel1"
"907","AGBro218",1.11111111111111,1,0.291840545143789,1,"Hamont-Achel1"
"908","AGBro227",0.311418685121107,1,0.576810925536172,1,"Hamont-Achel1"
"909","AGBro234",2.06611570247934,3,0.558798144118013,1,"Hamont-Achel1"
"910","AGBro266",1.55188246097337,1,0.212857753697881,0.246,"Hamont-Achel1"
"911","AGBro299",4.44444444444444,6,0.616761218583876,0.561,"Hamont-Achel1"
"912","AGBro307",1.51927437641723,3,0.677829012424905,0.672,"Hamont-Achel1"
"913","AGBro32",0.625,1,0.429195300440349,1,"Hamont-Achel1"
"914","AGBro337",0.311418685121107,1,0.576810925536172,1,"Hamont-Achel1"
"915","AGBro35",5.37777777777778,1,0.0203948401833759,0.062,"Hamont-Achel1"
"916","AGBro375",1.7151311090705,1,0.1903209864388,0.519,"Hamont-Achel1"
"917","AGBro403",2.87419651056015,3,0.411431038142486,0.624,"Hamont-Achel1"
"918","AGBro419",0.277777777777778,1,0.598161452683528,0.563,"Hamont-Achel1"
"919","AGBro467",0.4,1,0.527089256865538,1,"Hamont-Achel1"
"920","AGBro480",6.68639053254438,3,0.0825945520220657,0.159,"Hamont-Achel1"
"921","AGBro487",2.8125,3,0.421446326178103,0.439,"Hamont-Achel1"
"922","AGBro57",9,1,0.00269979606326021,0.013,"Hamont-Achel1"
"923","AGBro76",1.11111111111111,1,0.291840545143789,1,"Hamont-Achel1"
"924","AGBro9",14.5833333333333,15,0.481825416001424,0.661,"Hamont-Achel1"
"925","AGBro110",1.6225,3,0.654298924916231,0.842,"Vloethemveld-Zuid"
"926","AGBro111",7.45656804733728,3,0.0586849689853484,0.021,"Vloethemveld-Zuid"
"927","AGBro116",5.70502958579882,3,0.126877091022142,0.037,"Vloethemveld-Zuid"
"928","AGBro12",4.19753086419753,10,0.937996323849219,0.939,"Vloethemveld-Zuid"
"929","AGBro138",1.66358024691358,1,0.197120618624204,0.304,"Vloethemveld-Zuid"
"930","AGBro144",4.66617283950617,3,0.19793840022989,0.225,"Vloethemveld-Zuid"
"931","AGBro153",0.810657596371882,3,0.846916215421493,0.738,"Vloethemveld-Zuid"
"932","AGBro16",0,0,1,1,"Vloethemveld-Zuid"
"933","AGBro161",11.0011223344557,3,0.0117198082391532,0.072,"Vloethemveld-Zuid"
"934","AGBro20",4.14742997845491,1,0.0416977662369904,0.139,"Vloethemveld-Zuid"
"935","AGBro218",0.929752066115702,3,0.818242656701729,1,"Vloethemveld-Zuid"
"936","AGBro227",0.0277008310249308,1,0.867814107693651,1,"Vloethemveld-Zuid"
"937","AGBro234",10.285039635689,3,0.0162922974911626,0.078,"Vloethemveld-Zuid"
"938","AGBro266",3.90625,3,0.271767007261374,0.309,"Vloethemveld-Zuid"
"939","AGBro299",2.48299319727891,6,0.870366121192101,0.697,"Vloethemveld-Zuid"
"940","AGBro307",0.123456790123457,1,0.725315148237577,1,"Vloethemveld-Zuid"
"941","AGBro32",0.4,1,0.527089256865538,0.569,"Vloethemveld-Zuid"
"942","AGBro337",1.40625,1,0.235679913429038,0.31,"Vloethemveld-Zuid"
"943","AGBro35",1.40625,1,0.235679913429038,0.291,"Vloethemveld-Zuid"
"944","AGBro375",0.0763888888888889,1,0.782252069887464,1,"Vloethemveld-Zuid"
"945","AGBro403",11.22,10,0.34063690712791,0.549,"Vloethemveld-Zuid"
"946","AGBro419",11.4792899408284,3,0.00939739578231602,0.092,"Vloethemveld-Zuid"
"947","AGBro467",5.76215419501134,6,0.450354258943208,0.288,"Vloethemveld-Zuid"
"948","AGBro480",1.83673469387755,6,0.934084905338031,1,"Vloethemveld-Zuid"
"949","AGBro487",8.8275,6,0.183514289714604,0.007,"Vloethemveld-Zuid"
"950","AGBro57",0.0277008310249308,1,0.867814107693651,1,"Vloethemveld-Zuid"
"951","AGBro76",8.59410430839002,6,0.197724764147962,0.204,"Vloethemveld-Zuid"
"952","AGBro9",22.7222222222222,21,0.358965870142778,0.439,"Vloethemveld-Zuid"
"953","AGBro110",1.665,3,0.644742921291055,1,"Raversijde2"
"954","AGBro111",14.1632653061224,6,0.0278646310344329,0.052,"Raversijde2"
"955","AGBro116",1.2930612244898,3,0.730781413234015,0.726,"Raversijde2"
"956","AGBro12",11.4489795918367,6,0.0754525622353837,0.102,"Raversijde2"
"957","AGBro138",5.37777777777778,1,0.0203948401833759,0.04,"Raversijde2"
"958","AGBro144",19.0027777777778,15,0.213608035447257,0.08,"Raversijde2"
"959","AGBro153",1.18367346938776,3,0.756922692378389,1,"Raversijde2"
"960","AGBro16",0,0,1,1,"Raversijde2"
"961","AGBro161",6.97959183673469,3,0.0725511025579135,0.049,"Raversijde2"
"962","AGBro20",2.78238001314924,1,0.0953064435353183,0.189,"Raversijde2"
"963","AGBro218",1.77777777777778,3,0.619782638587719,0.662,"Raversijde2"
"964","AGBro227",9.18367346938775,6,0.163508857733313,0.131,"Raversijde2"
"965","AGBro234",3.225,3,0.358218394627564,0.411,"Raversijde2"
"966","AGBro266",2.25,1,0.133614402537715,0.175,"Raversijde2"
"967","AGBro299",0.888888888888889,3,0.82810831458754,1,"Raversijde2"
"968","AGBro307",3.40277777777778,1,0.0650867264927669,0.099,"Raversijde2"
"969","AGBro32",0.625,1,0.429195300440349,1,"Raversijde2"
"970","AGBro337",0.277777777777778,1,0.598161452683528,0.565,"Raversijde2"
"971","AGBro35",0,0,1,1,"Raversijde2"
"972","AGBro375",0.129586776859504,1,0.718860868049951,1,"Raversijde2"
"973","AGBro403",18.32,15,0.246216081083476,0.062,"Raversijde2"
"974","AGBro419",6.9,6,0.33019430037738,0.129,"Raversijde2"
"975","AGBro467",8.88888888888889,10,0.542679974102206,0.184,"Raversijde2"
"976","AGBro480",1.88775510204082,3,0.596027076788527,0.389,"Raversijde2"
"977","AGBro487",4.47510204081633,3,0.214521909229085,0.174,"Raversijde2"
"978","AGBro57",0.163265306122449,1,0.686167849855239,1,"Raversijde2"
"979","AGBro76",3.3265306122449,3,0.343967114520645,0.357,"Raversijde2"
"980","AGBro9",4.2984693877551,10,0.932879654000572,1,"Raversijde2"
"981","AGBro110",2.89579881656805,3,0.40797153265626,0.173,"DuinbossenDeHaan"
"982","AGBro111",21.4166666666667,21,0.433763936448597,0.459,"DuinbossenDeHaan"
"983","AGBro116",13.862258953168,3,0.00309876525224095,0.007,"DuinbossenDeHaan"
"984","AGBro12",7.33333333333333,6,0.291117461518557,0.166,"DuinbossenDeHaan"
"985","AGBro138",0.0226843100189036,1,0.880280916166764,1,"DuinbossenDeHaan"
"986","AGBro144",16.5185950413223,10,0.0857183733825893,0.132,"DuinbossenDeHaan"
"987","AGBro153",1.51927437641723,3,0.677829012424905,0.651,"DuinbossenDeHaan"
"988","AGBro16",11,1,0.000911118877153672,0.008,"DuinbossenDeHaan"
"989","AGBro161",3.48213017751479,3,0.323087183262828,0.117,"DuinbossenDeHaan"
"990","AGBro20",0,0,1,1,"DuinbossenDeHaan"
"991","AGBro218",0.350765306122449,1,0.553680228249833,1,"DuinbossenDeHaan"
"992","AGBro227",11.1358024691358,6,0.0842688848875217,0.109,"DuinbossenDeHaan"
"993","AGBro234",4.25333333333333,3,0.235376156773353,0.186,"DuinbossenDeHaan"
"994","AGBro266",10,1,0.0015654022580025,0.003,"DuinbossenDeHaan"
"995","AGBro299",3.84736142977901,6,0.697323582276151,0.447,"DuinbossenDeHaan"
"996","AGBro307",2.09007232084155,1,0.148259051663404,0.225,"DuinbossenDeHaan"
"997","AGBro32",3.3168044077135,3,0.345310624013919,0.13,"DuinbossenDeHaan"
"998","AGBro337",0.148148148148148,1,0.70031137293689,1,"DuinbossenDeHaan"
"999","AGBro35",12,1,0.00053200550513921,0.006,"DuinbossenDeHaan"
"1000","AGBro375",0.310430827913346,1,0.577415932403275,0.588,"DuinbossenDeHaan"
"1001","AGBro403",17.8383673469388,15,0.271258421936469,0.21,"DuinbossenDeHaan"
"1002","AGBro419",28.9344135802469,10,0.0012768723684119,0,"DuinbossenDeHaan"
"1003","AGBro467",13.08,10,0.21923327095329,0.109,"DuinbossenDeHaan"
"1004","AGBro480",9.43013038548753,6,0.150793541113254,0.021,"DuinbossenDeHaan"
"1005","AGBro487",4.08979591836735,3,0.251929623288908,0.141,"DuinbossenDeHaan"
"1006","AGBro57",9,1,0.00269979606326021,0.061,"DuinbossenDeHaan"
"1007","AGBro76",4.31360946745562,6,0.634317549847579,0.426,"DuinbossenDeHaan"
"1008","AGBro9",22.2933333333333,15,0.100340001239863,0.006,"DuinbossenDeHaan"
"1009","AGBro110",4.86111111111111,10,0.900260605829456,0.93,"Bredene"
"1010","AGBro111",22.5102040816327,10,0.0127062536660687,0.048,"Bredene"
"1011","AGBro116",0,1,1,1,"Bredene"
"1012","AGBro12",18.4792899408284,10,0.0473972033736257,0.256,"Bredene"
"1013","AGBro138",2.25,1,0.133614402537715,0.164,"Bredene"
"1014","AGBro144",21.4540816326531,15,0.122937775770702,0.004,"Bredene"
"1015","AGBro153",4.08979591836735,3,0.251929623288908,0.123,"Bredene"
"1016","AGBro16",0.0277008310249308,1,0.867814107693651,1,"Bredene"
"1017","AGBro161",2.7225,1,0.098942936067296,0.182,"Bredene"
"1018","AGBro20",2.32047750229568,1,0.127680826158545,0.245,"Bredene"
"1019","AGBro218",5.28402766065104,1,0.0215219067408339,0.037,"Bredene"
"1020","AGBro227",0.311418685121107,3,0.957866822244294,1,"Bredene"
"1021","AGBro234",0.771604938271605,3,0.856245995329082,1,"Bredene"
"1022","AGBro266",2.7225,1,0.098942936067296,0.168,"Bredene"
"1023","AGBro299",3.5175,3,0.31849951222998,0.113,"Bredene"
"1024","AGBro307",7,1,0.00815097159350264,0.007,"Bredene"
"1025","AGBro32",0.4,1,0.527089256865538,0.556,"Bredene"
"1026","AGBro337",5.3265306122449,3,0.14939009423846,0.334,"Bredene"
"1027","AGBro35",0,0,1,1,"Bredene"
"1028","AGBro375",6,1,0.0143058784354296,0.029,"Bredene"
"1029","AGBro403",19.2592592592593,10,0.0370906132982944,0.113,"Bredene"
"1030","AGBro419",0.453514739229025,1,0.500670569296129,0.548,"Bredene"
"1031","AGBro467",14.4444444444444,10,0.153667026903076,0.139,"Bredene"
"1032","AGBro480",3.55621301775148,3,0.313544330526961,0.235,"Bredene"
"1033","AGBro487",5.98958333333333,3,0.112118119844191,0.268,"Bredene"
"1034","AGBro57",8,1,0.00467773498104729,0.066,"Bredene"
"1035","AGBro76",4.54784580498866,3,0.208062049366819,0.177,"Bredene"
"1036","AGBro9",20.1666666666667,15,0.165631961032631,0.08,"Bredene"
"1037","AGBro110",0.848550295857988,3,0.837822607952896,0.752,"Harchies"
"1038","AGBro111",19.1090822665508,3,0.000259560978756679,0.015,"Harchies"
"1039","AGBro116",1.75925330812854,3,0.623841753246845,0.487,"Harchies"
"1040","AGBro12",22.734375,10,0.0117706662205725,0.022,"Harchies"
"1041","AGBro138",19.1116083484433,3,0.000259248922404476,0.009,"Harchies"
"1042","AGBro144",10.5618543713782,6,0.102899079904709,0.016,"Harchies"
"1043","AGBro153",2.29591836734694,1,0.129714467787912,0.161,"Harchies"
"1044","AGBro16",0.06640625,1,0.796642998646268,1,"Harchies"
"1045","AGBro161",7.29903978052126,3,0.0629531429538269,0.149,"Harchies"
"1046","AGBro20",0,0,1,1,"Harchies"
"1047","AGBro227",0.06640625,1,0.796642998646268,1,"Harchies"
"1048","AGBro234",0,0,1,1,"Harchies"
"1049","AGBro266",3.19222222222222,1,0.0739893682190301,0.097,"Harchies"
"1050","AGBro299",5.17018007202881,3,0.159751522201786,0.064,"Harchies"
"1051","AGBro307",6.84206266620418,1,0.00890359741820757,0.084,"Harchies"
"1052","AGBro32",0,1,1,1,"Harchies"
"1053","AGBro337",0,0,1,1,"Harchies"
"1054","AGBro35",0.515450361604208,1,0.472788907323068,0.433,"Harchies"
"1055","AGBro375",5.56476002629849,1,0.0183255219312954,0.052,"Harchies"
"1056","AGBro403",5.07918367346939,3,0.166089907114729,0.198,"Harchies"
"1057","AGBro419",0,0,1,1,"Harchies"
"1058","AGBro467",3.15259259259259,6,0.789465615865478,0.598,"Harchies"
"1059","AGBro480",3.00315947110819,3,0.39113830443986,0.289,"Harchies"
"1060","AGBro487",1.6094674556213,1,0.204566677581031,0.501,"Harchies"
"1061","AGBro57",13.0292503589207,1,0.000306663279630359,0,"Harchies"
"1062","AGBro76",0.780612244897959,1,0.376953958932281,1,"Harchies"
"1063","AGBro9",3.76081632653061,6,0.70900667386385,0.566,"Harchies"
"1064","AGBro110",2.20459136822773,3,0.531044581148018,0.279,"Lagland"
"1065","AGBro111",38.7513888888889,15,0.000697993351001069,0.003,"Lagland"
"1066","AGBro116",3.83511867254778,1,0.0501894380229886,0.061,"Lagland"
"1067","AGBro12",18.4406311637081,15,0.240209023991729,0.042,"Lagland"
"1068","AGBro138",9.96228299643282,1,0.00159779798447812,0.028,"Lagland"
"1069","AGBro144",4.33305555555556,6,0.631702083751405,0.406,"Lagland"
"1070","AGBro153",4.26530612244898,6,0.640822044417188,0.25,"Lagland"
"1071","AGBro16",20.703125,3,0.000121329071397502,0.04,"Lagland"
"1072","AGBro161",0.208757396449704,1,0.6477430919824,1,"Lagland"
"1073","AGBro20",0,0,1,1,"Lagland"
"1074","AGBro227",2.8125,1,0.0935325126890938,0.133,"Lagland"
"1075","AGBro234",4.91370808678501,6,0.554927502125443,0.198,"Lagland"
"1076","AGBro266",0.0554016620498615,1,0.813917240689716,1,"Lagland"
"1077","AGBro299",1.20987654320988,1,0.271356573571598,0.272,"Lagland"
"1078","AGBro307",3.26060408163265,1,0.0709629800420108,0.104,"Lagland"
"1079","AGBro32",1.60352513456918,1,0.205404362352004,0.201,"Lagland"
"1080","AGBro337",0.262975778546713,1,0.608083086382607,1,"Lagland"
"1081","AGBro35",16,1,6.334248366624e-05,0,"Lagland"
"1082","AGBro375",25.2445369406868,3,1.37253518388558e-05,0.006,"Lagland"
"1083","AGBro403",30.9637188208617,6,2.57568107008277e-05,0,"Lagland"
"1084","AGBro419",0.00697288648140808,1,0.933450947095637,1,"Lagland"
"1085","AGBro467",13.5199704142012,6,0.0354830057597123,0.003,"Lagland"
"1086","AGBro480",1.9501059244649,3,0.582826713319599,0.338,"Lagland"
"1087","AGBro487",8.67063492063492,6,0.192966102784764,0.066,"Lagland"
"1088","AGBro57",7.78313892355617,1,0.00527360885129657,0.01,"Lagland"
"1089","AGBro76",2.34640831758034,3,0.503688648804692,0.362,"Lagland"
"1090","AGBro9",7.18765432098765,15,0.952231637203206,0.954,"Lagland"
